Time;ModuleName;Level;Channel;UR_Time;Value1;Value2;Value3;Value4;Value5;Value6
2025-11-20 08:43:23,156;URBasic.dataLogData;INFO;actual_q;772.755;0.2955;-1.1371;1.3867;-1.862;-1.5729;0.0899
2025-11-20 08:43:23,156;URBasic.dataLogData;INFO;actual_qd;772.755;0.0;0.0;-0.0;-0.0;-0.0;-0.0
2025-11-20 08:43:23,156;URBasic.dataLogData;INFO;actual_TCP_pose;772.755;-0.3444;-0.2391;0.2308;-1.9664;-2.4089;0.0428
2025-11-20 08:43:23,156;URBasic.dataLogData;INFO;actual_TCP_force;772.755;2.3861;-1.5935;8.7804;0.0515;0.029;0.011
2025-11-20 08:43:23,156;URBasic.dataLogData;INFO;actual_digital_input_bits;772.755;0
2025-11-20 08:43:23,157;URBasic.dataLogData;INFO;robot_mode;772.755;7
2025-11-20 08:43:23,157;URBasic.dataLogData;INFO;actual_tool_accelerometer;772.755;-0.1149;-0.3065;-9.6343
2025-11-20 08:43:23,157;URBasic.dataLogData;INFO;speed_scaling;772.755;0.0
2025-11-20 08:43:23,157;URBasic.dataLogData;INFO;actual_momentum;772.755;0.0
2025-11-20 08:43:23,157;URBasic.dataLogData;INFO;actual_digital_output_bits;772.755;0
2025-11-20 08:43:23,157;URBasic.dataLogData;INFO;runtime_state;772.755;1
2025-11-20 08:43:23,157;URBasic.dataLogData;INFO;robot_status_bits;772.755;1
2025-11-20 08:43:23,157;URBasic.dataLogData;INFO;safety_status_bits;772.755;1
2025-11-20 08:43:23,157;URBasic.dataLogData;INFO;analog_io_types;772.755;15
2025-11-20 08:43:23,157;URBasic.dataLogData;INFO;standard_analog_input0;772.755;-0.0
2025-11-20 08:43:23,157;URBasic.dataLogData;INFO;standard_analog_input1;772.755;-0.0
2025-11-20 08:43:23,157;URBasic.dataLogData;INFO;standard_analog_output0;772.755;0.0
2025-11-20 08:43:23,157;URBasic.dataLogData;INFO;standard_analog_output1;772.755;0.0
2025-11-20 08:43:23,157;URBasic.dataLogData;INFO;output_bit_registers0_to_31;772.755;0
2025-11-20 08:43:23,157;URBasic.dataLogData;INFO;output_int_register_0;772.755;0
2025-11-20 08:43:23,157;URBasic.dataLogData;INFO;output_int_register_1;772.755;0
2025-11-20 08:43:23,157;URBasic.dataLogData;INFO;output_double_register_0;772.755;0.0
2025-11-20 08:43:23,157;URBasic.dataLogData;INFO;output_double_register_1;772.755;0.0
2025-11-20 08:43:23,157;URBasic.dataLogData;INFO;output_double_register_2;772.755;0.0
2025-11-20 08:43:23,157;URBasic.dataLogData;INFO;output_double_register_3;772.755;0.0
2025-11-20 08:43:23,172;URBasic.dataLogData;INFO;actual_q;772.771;0.2955;-1.137;1.3867;-1.862;-1.5729;0.0899
2025-11-20 08:43:23,172;URBasic.dataLogData;INFO;actual_TCP_pose;772.771;-0.3444;-0.2391;0.2307;-1.9665;-2.4089;0.0427
2025-11-20 08:43:23,173;URBasic.dataLogData;INFO;actual_TCP_force;772.771;2.4008;-1.6727;8.9232;0.0531;0.0283;0.0126
2025-11-20 08:43:23,173;URBasic.dataLogData;INFO;actual_tool_accelerometer;772.771;-0.0192;-0.3448;-9.8067
2025-11-20 08:43:23,188;URBasic.dataLogData;INFO;actual_q;772.7869999999999;0.2955;-1.1371;1.3867;-1.8619;-1.5729;0.0899
2025-11-20 08:43:23,188;URBasic.dataLogData;INFO;actual_TCP_pose;772.7869999999999;-0.3444;-0.2391;0.2308;-1.9664;-2.4089;0.0428
2025-11-20 08:43:23,188;URBasic.dataLogData;INFO;actual_TCP_force;772.7869999999999;2.6136;-1.6763;8.8978;0.055;0.0364;0.0102
2025-11-20 08:43:23,189;URBasic.dataLogData;INFO;actual_tool_accelerometer;772.7869999999999;0.0192;-0.3448;-9.845
2025-11-20 08:43:23,203;URBasic.dataLogData;INFO;actual_TCP_pose;772.803;-0.3444;-0.2391;0.2307;-1.9665;-2.4089;0.0427
2025-11-20 08:43:23,203;URBasic.dataLogData;INFO;actual_TCP_force;772.803;2.5759;-1.6138;8.8058;0.0529;0.0381;0.0108
2025-11-20 08:43:23,204;URBasic.dataLogData;INFO;actual_tool_accelerometer;772.803;-0.0575;-0.3065;-9.845
2025-11-20 08:43:23,219;URBasic.dataLogData;INFO;actual_q;772.819;0.2954;-1.1371;1.3867;-1.862;-1.5729;0.0899
2025-11-20 08:43:23,219;URBasic.dataLogData;INFO;actual_TCP_pose;772.819;-0.3444;-0.2391;0.2308;-1.9665;-2.4088;0.0427
2025-11-20 08:43:23,219;URBasic.dataLogData;INFO;actual_TCP_force;772.819;2.4783;-1.6591;8.8459;0.0518;0.0346;0.0129
2025-11-20 08:43:23,220;URBasic.dataLogData;INFO;actual_tool_accelerometer;772.819;-0.0383;-0.2873;-9.73
2025-11-20 08:43:23,234;URBasic.dataLogData;INFO;actual_q;772.8349999999999;0.2955;-1.1371;1.3867;-1.862;-1.5729;0.0899
2025-11-20 08:43:23,234;URBasic.dataLogData;INFO;actual_TCP_pose;772.8349999999999;-0.3444;-0.2391;0.2308;-1.9664;-2.4089;0.0429
2025-11-20 08:43:23,235;URBasic.dataLogData;INFO;actual_TCP_force;772.8349999999999;2.4191;-1.5942;8.6259;0.0544;0.0309;0.0125
2025-11-20 08:43:23,235;URBasic.dataLogData;INFO;actual_tool_accelerometer;772.8349999999999;-0.0766;-0.4022;-9.73
2025-11-20 08:43:23,250;URBasic.dataLogData;INFO;actual_q;772.851;0.2955;-1.137;1.3867;-1.8619;-1.5729;0.0899
2025-11-20 08:43:23,250;URBasic.dataLogData;INFO;actual_TCP_pose;772.851;-0.3444;-0.2391;0.2308;-1.9665;-2.4089;0.0428
2025-11-20 08:43:23,250;URBasic.dataLogData;INFO;actual_TCP_force;772.851;2.3029;-1.5643;8.7215;0.0526;0.0287;0.0102
2025-11-20 08:43:23,250;URBasic.dataLogData;INFO;actual_tool_accelerometer;772.851;-0.0958;-0.3256;-9.845
2025-11-20 08:43:23,266;URBasic.dataLogData;INFO;actual_q;772.867;0.2955;-1.1371;1.3867;-1.862;-1.5729;0.09
2025-11-20 08:43:23,266;URBasic.dataLogData;INFO;actual_TCP_pose;772.867;-0.3444;-0.2391;0.2308;-1.9665;-2.4088;0.0428
2025-11-20 08:43:23,266;URBasic.dataLogData;INFO;actual_TCP_force;772.867;2.3792;-1.7053;8.7765;0.0516;0.0311;0.0097
2025-11-20 08:43:23,267;URBasic.dataLogData;INFO;actual_tool_accelerometer;772.867;-0.1149;-0.3065;-9.7492
2025-11-20 08:43:23,281;URBasic.dataLogData;INFO;actual_q;772.8829999999999;0.2954;-1.1371;1.3867;-1.8619;-1.5729;0.09
2025-11-20 08:43:23,281;URBasic.dataLogData;INFO;actual_TCP_pose;772.8829999999999;-0.3444;-0.2391;0.2308;-1.9666;-2.4088;0.0427
2025-11-20 08:43:23,281;URBasic.dataLogData;INFO;actual_TCP_force;772.8829999999999;2.3248;-1.6228;8.8678;0.0539;0.0291;0.0121
2025-11-20 08:43:23,281;URBasic.dataLogData;INFO;actual_tool_accelerometer;772.8829999999999;-0.0192;-0.2873;-9.7683
2025-11-20 08:43:23,297;URBasic.dataLogData;INFO;actual_q;772.891;0.2955;-1.1371;1.3867;-1.862;-1.5729;0.0899
2025-11-20 08:43:23,297;URBasic.dataLogData;INFO;actual_TCP_pose;772.891;-0.3444;-0.2391;0.2308;-1.9664;-2.409;0.0428
2025-11-20 08:43:23,298;URBasic.dataLogData;INFO;actual_TCP_force;772.891;2.5003;-1.6588;8.7694;0.0549;0.0345;0.0114
2025-11-20 08:43:23,298;URBasic.dataLogData;INFO;actual_tool_accelerometer;772.891;-0.0958;-0.2298;-9.7109
2025-11-20 08:43:23,313;URBasic.dataLogData;INFO;actual_q;772.915;0.2954;-1.1371;1.3868;-1.8619;-1.5729;0.0899
2025-11-20 08:43:23,313;URBasic.dataLogData;INFO;actual_TCP_pose;772.915;-0.3444;-0.2391;0.2307;-1.9666;-2.4089;0.0426
2025-11-20 08:43:23,313;URBasic.dataLogData;INFO;actual_TCP_force;772.915;2.3596;-1.6337;8.7555;0.0515;0.0286;0.0106
2025-11-20 08:43:23,313;URBasic.dataLogData;INFO;actual_tool_accelerometer;772.915;-0.0383;-0.2873;-9.7492
2025-11-20 08:43:23,329;URBasic.dataLogData;INFO;actual_q;772.9309999999999;0.2955;-1.137;1.3867;-1.862;-1.5729;0.0899
2025-11-20 08:43:23,329;URBasic.dataLogData;INFO;actual_TCP_pose;772.9309999999999;-0.3444;-0.2391;0.2308;-1.9665;-2.4089;0.0428
2025-11-20 08:43:23,330;URBasic.dataLogData;INFO;actual_TCP_force;772.9309999999999;2.4128;-1.6105;8.8964;0.0527;0.0321;0.0101
2025-11-20 08:43:23,330;URBasic.dataLogData;INFO;actual_tool_accelerometer;772.9309999999999;-0.1532;-0.3065;-9.845
2025-11-20 08:43:23,345;URBasic.dataLogData;INFO;actual_q;772.947;0.2955;-1.1371;1.3867;-1.862;-1.5729;0.0899
2025-11-20 08:43:23,346;URBasic.dataLogData;INFO;actual_TCP_pose;772.947;-0.3444;-0.2391;0.2308;-1.9664;-2.4089;0.0428
2025-11-20 08:43:23,346;URBasic.dataLogData;INFO;actual_TCP_force;772.947;2.4639;-1.6061;8.7787;0.0512;0.0317;0.0097
2025-11-20 08:43:23,346;URBasic.dataLogData;INFO;actual_tool_accelerometer;772.947;0.0192;-0.1915;-9.7683
2025-11-20 08:43:23,360;URBasic.dataLogData;INFO;actual_q;772.9549999999999;0.2955;-1.1371;1.3868;-1.862;-1.5729;0.0899
2025-11-20 08:43:23,360;URBasic.dataLogData;INFO;actual_TCP_pose;772.9549999999999;-0.3444;-0.2391;0.2308;-1.9665;-2.4089;0.0427
2025-11-20 08:43:23,361;URBasic.dataLogData;INFO;actual_TCP_force;772.9549999999999;2.4589;-1.6993;8.8758;0.0542;0.0305;0.0114
2025-11-20 08:43:23,361;URBasic.dataLogData;INFO;actual_tool_accelerometer;772.9549999999999;-0.0958;-0.249;-9.8258
2025-11-20 08:43:23,376;URBasic.dataLogData;INFO;actual_q;772.971;0.2955;-1.1371;1.3868;-1.8619;-1.5729;0.0899
2025-11-20 08:43:23,376;URBasic.dataLogData;INFO;actual_TCP_pose;772.971;-0.3444;-0.2391;0.2307;-1.9665;-2.409;0.0426
2025-11-20 08:43:23,376;URBasic.dataLogData;INFO;actual_TCP_force;772.971;2.3992;-1.6074;9.0061;0.0509;0.0311;0.0118
2025-11-20 08:43:23,376;URBasic.dataLogData;INFO;actual_tool_accelerometer;772.971;-0.0383;-0.3065;-9.8067
2025-11-20 08:43:23,392;URBasic.dataLogData;INFO;actual_q;772.987;0.2955;-1.1371;1.3867;-1.8619;-1.5728;0.0899
2025-11-20 08:43:23,392;URBasic.dataLogData;INFO;actual_TCP_pose;772.987;-0.3444;-0.2391;0.2308;-1.9665;-2.4089;0.0428
2025-11-20 08:43:23,392;URBasic.dataLogData;INFO;actual_TCP_force;772.987;2.3668;-1.4856;8.7717;0.0497;0.0276;0.013
2025-11-20 08:43:23,392;URBasic.dataLogData;INFO;actual_tool_accelerometer;772.987;-0.0383;-0.2107;-9.7683
2025-11-20 08:43:23,408;URBasic.dataLogData;INFO;actual_q;773.0029999999999;0.2955;-1.1371;1.3867;-1.8619;-1.5729;0.0899
2025-11-20 08:43:23,408;URBasic.dataLogData;INFO;actual_TCP_pose;773.0029999999999;-0.3444;-0.2391;0.2308;-1.9665;-2.4088;0.0428
2025-11-20 08:43:23,408;URBasic.dataLogData;INFO;actual_TCP_force;773.0029999999999;2.4091;-1.6721;8.916;0.0518;0.0305;0.0131
2025-11-20 08:43:23,408;URBasic.dataLogData;INFO;actual_tool_accelerometer;773.0029999999999;-0.0958;-0.3065;-9.8067
2025-11-20 08:43:23,423;URBasic.dataLogData;INFO;actual_TCP_pose;773.019;-0.3444;-0.2391;0.2308;-1.9664;-2.4089;0.0427
2025-11-20 08:43:23,423;URBasic.dataLogData;INFO;actual_TCP_force;773.019;2.4389;-1.7314;8.8179;0.0551;0.032;0.0111
2025-11-20 08:43:23,424;URBasic.dataLogData;INFO;actual_tool_accelerometer;773.019;-0.0575;-0.2107;-9.6917
2025-11-20 08:43:23,439;URBasic.dataLogData;INFO;actual_q;773.035;0.2955;-1.1371;1.3867;-1.862;-1.5729;0.0898
2025-11-20 08:43:23,439;URBasic.dataLogData;INFO;actual_TCP_pose;773.035;-0.3444;-0.2391;0.2308;-1.9664;-2.409;0.0428
2025-11-20 08:43:23,439;URBasic.dataLogData;INFO;actual_TCP_force;773.035;2.3968;-1.7566;8.8317;0.0537;0.0314;0.012
2025-11-20 08:43:23,439;URBasic.dataLogData;INFO;actual_tool_accelerometer;773.035;-0.0575;-0.3256;-9.8833
2025-11-20 08:43:23,455;URBasic.dataLogData;INFO;actual_q;773.0509999999999;0.2954;-1.1371;1.3867;-1.8619;-1.5728;0.09
2025-11-20 08:43:23,455;URBasic.dataLogData;INFO;actual_TCP_pose;773.0509999999999;-0.3444;-0.2391;0.2308;-1.9666;-2.4088;0.0428
2025-11-20 08:43:23,456;URBasic.dataLogData;INFO;actual_TCP_force;773.0509999999999;2.4712;-1.4966;8.8553;0.0503;0.033;0.0121
2025-11-20 08:43:23,456;URBasic.dataLogData;INFO;actual_tool_accelerometer;773.0509999999999;-0.1724;-0.2682;-9.8833
2025-11-20 08:43:23,471;URBasic.dataLogData;INFO;actual_q;773.067;0.2955;-1.1371;1.3867;-1.862;-1.5728;0.0899
2025-11-20 08:43:23,471;URBasic.dataLogData;INFO;actual_TCP_pose;773.067;-0.3444;-0.2391;0.2308;-1.9665;-2.4089;0.0428
2025-11-20 08:43:23,471;URBasic.dataLogData;INFO;actual_TCP_force;773.067;2.3221;-1.5923;8.8426;0.0548;0.0309;0.0119
2025-11-20 08:43:23,471;URBasic.dataLogData;INFO;actual_tool_accelerometer;773.067;0.0383;-0.1724;-9.8067
2025-11-20 08:43:23,486;URBasic.dataLogData;INFO;actual_q;773.083;0.2955;-1.1371;1.3868;-1.862;-1.5729;0.09
2025-11-20 08:43:23,486;URBasic.dataLogData;INFO;actual_TCP_pose;773.083;-0.3444;-0.2391;0.2307;-1.9665;-2.4089;0.0427
2025-11-20 08:43:23,487;URBasic.dataLogData;INFO;actual_TCP_force;773.083;2.46;-1.5768;8.9409;0.0537;0.0335;0.0105
2025-11-20 08:43:23,487;URBasic.dataLogData;INFO;actual_tool_accelerometer;773.083;-0.0192;-0.2873;-9.7492
2025-11-20 08:43:23,502;URBasic.dataLogData;INFO;actual_q;773.0989999999999;0.2955;-1.1371;1.3867;-1.8619;-1.5729;0.0899
2025-11-20 08:43:23,502;URBasic.dataLogData;INFO;actual_TCP_pose;773.0989999999999;-0.3444;-0.2391;0.2308;-1.9665;-2.4088;0.0428
2025-11-20 08:43:23,502;URBasic.dataLogData;INFO;actual_TCP_force;773.0989999999999;2.4169;-1.6863;8.6974;0.0527;0.0305;0.0108
2025-11-20 08:43:23,503;URBasic.dataLogData;INFO;actual_tool_accelerometer;773.0989999999999;-0.0766;-0.3256;-9.9024
2025-11-20 08:43:23,518;URBasic.dataLogData;INFO;actual_q;773.115;0.2955;-1.137;1.3867;-1.862;-1.5729;0.0899
2025-11-20 08:43:23,518;URBasic.dataLogData;INFO;actual_TCP_pose;773.115;-0.3444;-0.2391;0.2307;-1.9664;-2.409;0.0427
2025-11-20 08:43:23,518;URBasic.dataLogData;INFO;actual_TCP_force;773.115;2.3263;-1.6718;8.8366;0.0547;0.0269;0.0111
2025-11-20 08:43:23,518;URBasic.dataLogData;INFO;actual_tool_accelerometer;773.115;-0.0383;-0.2298;-9.7875
2025-11-20 08:43:23,533;URBasic.dataLogData;INFO;actual_q;773.131;0.2955;-1.1371;1.3867;-1.8619;-1.5729;0.0899
2025-11-20 08:43:23,533;URBasic.dataLogData;INFO;actual_TCP_pose;773.131;-0.3444;-0.2391;0.2308;-1.9664;-2.4089;0.0427
2025-11-20 08:43:23,533;URBasic.dataLogData;INFO;actual_TCP_force;773.131;2.417;-1.6233;8.9249;0.0535;0.0322;0.0111
2025-11-20 08:43:23,533;URBasic.dataLogData;INFO;actual_tool_accelerometer;773.131;-0.0192;-0.3256;-9.7683
2025-11-20 08:43:23,549;URBasic.dataLogData;INFO;actual_q;773.1469999999999;0.2955;-1.1371;1.3867;-1.862;-1.5729;0.0899
2025-11-20 08:43:23,549;URBasic.dataLogData;INFO;actual_TCP_pose;773.1469999999999;-0.3444;-0.2391;0.2308;-1.9665;-2.4089;0.0428
2025-11-20 08:43:23,550;URBasic.dataLogData;INFO;actual_TCP_force;773.1469999999999;2.438;-1.6071;8.8194;0.0523;0.031;0.0119
2025-11-20 08:43:23,550;URBasic.dataLogData;INFO;actual_tool_accelerometer;773.1469999999999;0.0192;-0.2682;-9.7492
2025-11-20 08:43:23,556;URBasic.dataLogData;INFO;actual_q;773.155;0.2955;-1.1371;1.3868;-1.8619;-1.5729;0.0899
2025-11-20 08:43:23,556;URBasic.dataLogData;INFO;actual_TCP_pose;773.155;-0.3444;-0.2391;0.2307;-1.9665;-2.4089;0.0427
2025-11-20 08:43:23,557;URBasic.dataLogData;INFO;actual_TCP_force;773.155;2.4608;-1.5762;8.7316;0.0508;0.0344;0.0116
2025-11-20 08:43:23,557;URBasic.dataLogData;INFO;actual_tool_accelerometer;773.155;-0.0383;-0.3065;-9.845
2025-11-20 08:43:23,565;URBasic.dataLogData;INFO;actual_q;773.163;0.2955;-1.137;1.3867;-1.8619;-1.5729;0.0899
2025-11-20 08:43:23,565;URBasic.dataLogData;INFO;actual_TCP_pose;773.163;-0.3444;-0.2391;0.2307;-1.9665;-2.409;0.0427
2025-11-20 08:43:23,565;URBasic.dataLogData;INFO;actual_TCP_force;773.163;2.3448;-1.6166;8.7758;0.053;0.0327;0.0099
2025-11-20 08:43:23,565;URBasic.dataLogData;INFO;actual_tool_accelerometer;773.163;-0.0383;-0.3639;-9.8258
2025-11-20 08:43:23,581;URBasic.dataLogData;INFO;actual_q;773.179;0.2955;-1.1371;1.3867;-1.8619;-1.5729;0.0899
2025-11-20 08:43:23,581;URBasic.dataLogData;INFO;actual_TCP_pose;773.179;-0.3444;-0.2391;0.2308;-1.9664;-2.4089;0.0427
2025-11-20 08:43:23,582;URBasic.dataLogData;INFO;actual_TCP_force;773.179;2.3977;-1.6903;8.9948;0.0545;0.0322;0.0109
2025-11-20 08:43:23,582;URBasic.dataLogData;INFO;actual_tool_accelerometer;773.179;-0.0958;-0.3065;-9.7492
2025-11-20 08:43:23,597;URBasic.dataLogData;INFO;actual_q;773.1949999999999;0.2955;-1.137;1.3867;-1.862;-1.5729;0.0899
2025-11-20 08:43:23,597;URBasic.dataLogData;INFO;actual_TCP_pose;773.1949999999999;-0.3444;-0.2391;0.2307;-1.9664;-2.4089;0.0428
2025-11-20 08:43:23,597;URBasic.dataLogData;INFO;actual_TCP_force;773.1949999999999;2.4049;-1.6895;8.894;0.0557;0.0321;0.01
2025-11-20 08:43:23,597;URBasic.dataLogData;INFO;actual_tool_accelerometer;773.1949999999999;-0.0766;-0.3256;-9.7492
2025-11-20 08:43:23,613;URBasic.dataLogData;INFO;actual_q;773.211;0.2955;-1.1371;1.3867;-1.862;-1.5729;0.0899
2025-11-20 08:43:23,613;URBasic.dataLogData;INFO;actual_TCP_pose;773.211;-0.3444;-0.2391;0.2308;-1.9664;-2.4089;0.0428
2025-11-20 08:43:23,613;URBasic.dataLogData;INFO;actual_TCP_force;773.211;2.3763;-1.6916;8.7813;0.0527;0.0293;0.0123
2025-11-20 08:43:23,614;URBasic.dataLogData;INFO;actual_tool_accelerometer;773.211;-0.0383;-0.3065;-9.7875
2025-11-20 08:43:23,629;URBasic.dataLogData;INFO;actual_q;773.227;0.2955;-1.137;1.3867;-1.8619;-1.5729;0.0899
2025-11-20 08:43:23,629;URBasic.dataLogData;INFO;actual_TCP_pose;773.227;-0.3444;-0.2391;0.2307;-1.9665;-2.4089;0.0427
2025-11-20 08:43:23,629;URBasic.dataLogData;INFO;actual_TCP_force;773.227;2.4992;-1.7317;8.7866;0.0565;0.0338;0.0108
2025-11-20 08:43:23,630;URBasic.dataLogData;INFO;actual_tool_accelerometer;773.227;-0.0958;-0.2682;-9.8258
2025-11-20 08:43:23,645;URBasic.dataLogData;INFO;actual_q;773.2429999999999;0.2955;-1.1371;1.3867;-1.862;-1.5729;0.0899
2025-11-20 08:43:23,645;URBasic.dataLogData;INFO;actual_TCP_pose;773.2429999999999;-0.3444;-0.2391;0.2308;-1.9665;-2.4089;0.0428
2025-11-20 08:43:23,645;URBasic.dataLogData;INFO;actual_TCP_force;773.2429999999999;2.3627;-1.7511;8.8132;0.055;0.0308;0.0111
2025-11-20 08:43:23,646;URBasic.dataLogData;INFO;actual_tool_accelerometer;773.2429999999999;-0.0575;-0.2873;-9.8067
2025-11-20 08:43:23,660;URBasic.dataLogData;INFO;actual_TCP_pose;773.259;-0.3444;-0.2391;0.2308;-1.9663;-2.4089;0.0428
2025-11-20 08:43:23,660;URBasic.dataLogData;INFO;actual_TCP_force;773.259;2.3426;-1.6255;8.6965;0.0512;0.0293;0.0107
2025-11-20 08:43:23,660;URBasic.dataLogData;INFO;actual_tool_accelerometer;773.259;-0.1341;-0.2682;-9.8641
2025-11-20 08:43:23,675;URBasic.dataLogData;INFO;actual_TCP_pose;773.275;-0.3444;-0.2391;0.2308;-1.9665;-2.4089;0.0428
2025-11-20 08:43:23,675;URBasic.dataLogData;INFO;actual_TCP_force;773.275;2.4933;-1.7113;8.7692;0.0547;0.0333;0.0111
2025-11-20 08:43:23,675;URBasic.dataLogData;INFO;actual_tool_accelerometer;773.275;-0.0766;-0.249;-9.7875
2025-11-20 08:43:23,690;URBasic.dataLogData;INFO;actual_TCP_pose;773.2909999999999;-0.3444;-0.2391;0.2308;-1.9664;-2.4089;0.0428
2025-11-20 08:43:23,690;URBasic.dataLogData;INFO;actual_TCP_force;773.2909999999999;2.4269;-1.5815;8.8825;0.0554;0.0324;0.0086
2025-11-20 08:43:23,690;URBasic.dataLogData;INFO;actual_tool_accelerometer;773.2909999999999;0.0192;-0.3448;-9.7492
2025-11-20 08:43:23,706;URBasic.dataLogData;INFO;actual_q;773.307;0.2955;-1.137;1.3867;-1.8619;-1.5728;0.0899
2025-11-20 08:43:23,706;URBasic.dataLogData;INFO;actual_TCP_pose;773.307;-0.3444;-0.2391;0.2308;-1.9665;-2.4089;0.0428
2025-11-20 08:43:23,707;URBasic.dataLogData;INFO;actual_TCP_force;773.307;2.4888;-1.6283;8.939;0.0542;0.0329;0.0097
2025-11-20 08:43:23,707;URBasic.dataLogData;INFO;actual_tool_accelerometer;773.307;-0.0192;-0.249;-9.7492
2025-11-20 08:43:23,721;URBasic.dataLogData;INFO;actual_q;773.323;0.2955;-1.1371;1.3868;-1.862;-1.5729;0.0899
2025-11-20 08:43:23,721;URBasic.dataLogData;INFO;actual_TCP_pose;773.323;-0.3444;-0.2391;0.2308;-1.9664;-2.4089;0.0428
2025-11-20 08:43:23,721;URBasic.dataLogData;INFO;actual_TCP_force;773.323;2.4335;-1.667;9.0171;0.0573;0.0346;0.0107
2025-11-20 08:43:23,721;URBasic.dataLogData;INFO;actual_tool_accelerometer;773.323;-0.0958;-0.249;-9.7875
2025-11-20 08:43:23,737;URBasic.dataLogData;INFO;actual_q;773.3389999999999;0.2955;-1.1371;1.3867;-1.8619;-1.5729;0.0899
2025-11-20 08:43:23,737;URBasic.dataLogData;INFO;actual_TCP_pose;773.3389999999999;-0.3444;-0.2391;0.2308;-1.9664;-2.409;0.0427
2025-11-20 08:43:23,737;URBasic.dataLogData;INFO;actual_TCP_force;773.3389999999999;2.3751;-1.7205;8.8541;0.0542;0.031;0.0114
2025-11-20 08:43:23,737;URBasic.dataLogData;INFO;actual_tool_accelerometer;773.3389999999999;-0.0958;-0.3256;-9.7875
2025-11-20 08:43:23,753;URBasic.dataLogData;INFO;actual_q;773.355;0.2955;-1.1371;1.3867;-1.862;-1.5729;0.0899
2025-11-20 08:43:23,753;URBasic.dataLogData;INFO;actual_TCP_pose;773.355;-0.3444;-0.2391;0.2308;-1.9664;-2.409;0.0428
2025-11-20 08:43:23,753;URBasic.dataLogData;INFO;actual_TCP_force;773.355;2.3873;-1.6741;8.8053;0.0522;0.0296;0.0102
2025-11-20 08:43:23,753;URBasic.dataLogData;INFO;actual_tool_accelerometer;773.355;0.0;-0.3448;-9.73
2025-11-20 08:43:23,768;URBasic.dataLogData;INFO;actual_TCP_pose;773.3629999999999;-0.3444;-0.2391;0.2308;-1.9664;-2.4089;0.0428
2025-11-20 08:43:23,768;URBasic.dataLogData;INFO;actual_TCP_force;773.3629999999999;2.4077;-1.7231;8.867;0.0534;0.031;0.012
2025-11-20 08:43:23,768;URBasic.dataLogData;INFO;actual_tool_accelerometer;773.3629999999999;-0.0766;-0.3065;-9.8067
2025-11-20 08:43:23,783;URBasic.dataLogData;INFO;actual_q;773.379;0.2955;-1.1371;1.3867;-1.8619;-1.5729;0.0899
2025-11-20 08:43:23,783;URBasic.dataLogData;INFO;actual_TCP_pose;773.379;-0.3444;-0.2391;0.2308;-1.9665;-2.4089;0.0427
2025-11-20 08:43:23,784;URBasic.dataLogData;INFO;actual_TCP_force;773.379;2.4785;-1.6975;8.9378;0.054;0.0364;0.012
2025-11-20 08:43:23,784;URBasic.dataLogData;INFO;actual_tool_accelerometer;773.379;0.0;-0.2107;-9.6726
2025-11-20 08:43:23,800;URBasic.dataLogData;INFO;actual_q;773.395;0.2955;-1.1371;1.3867;-1.862;-1.5728;0.0899
2025-11-20 08:43:23,800;URBasic.dataLogData;INFO;actual_TCP_pose;773.395;-0.3444;-0.2391;0.2308;-1.9664;-2.4089;0.0428
2025-11-20 08:43:23,800;URBasic.dataLogData;INFO;actual_TCP_force;773.395;2.5046;-1.7557;8.8007;0.0553;0.0346;0.0131
2025-11-20 08:43:23,800;URBasic.dataLogData;INFO;actual_tool_accelerometer;773.395;-0.0766;-0.3256;-9.7875
2025-11-20 08:43:23,816;URBasic.dataLogData;INFO;actual_q;773.411;0.2955;-1.137;1.3867;-1.862;-1.5729;0.0899
2025-11-20 08:43:23,816;URBasic.dataLogData;INFO;actual_TCP_pose;773.411;-0.3444;-0.2391;0.2307;-1.9664;-2.4089;0.0427
2025-11-20 08:43:23,816;URBasic.dataLogData;INFO;actual_TCP_force;773.411;2.3529;-1.6928;8.8642;0.0567;0.0315;0.011
2025-11-20 08:43:23,817;URBasic.dataLogData;INFO;actual_tool_accelerometer;773.411;-0.0766;-0.249;-9.8258
2025-11-20 08:43:23,831;URBasic.dataLogData;INFO;actual_q;773.427;0.2955;-1.1371;1.3867;-1.8619;-1.5729;0.0899
2025-11-20 08:43:23,831;URBasic.dataLogData;INFO;actual_TCP_pose;773.427;-0.3444;-0.2391;0.2308;-1.9664;-2.4089;0.0428
2025-11-20 08:43:23,831;URBasic.dataLogData;INFO;actual_TCP_force;773.427;2.4567;-1.604;8.8653;0.052;0.0334;0.0109
2025-11-20 08:43:23,832;URBasic.dataLogData;INFO;actual_tool_accelerometer;773.427;0.0;-0.3065;-9.845
2025-11-20 08:43:23,847;URBasic.dataLogData;INFO;actual_q;773.443;0.2955;-1.1371;1.3867;-1.862;-1.5729;0.0899
2025-11-20 08:43:23,847;URBasic.dataLogData;INFO;actual_TCP_pose;773.443;-0.3444;-0.2391;0.2308;-1.9665;-2.4089;0.0428
2025-11-20 08:43:23,847;URBasic.dataLogData;INFO;actual_TCP_force;773.443;2.3501;-1.5658;8.7987;0.0559;0.0301;0.01
2025-11-20 08:43:23,848;URBasic.dataLogData;INFO;actual_tool_accelerometer;773.443;-0.0192;-0.3065;-9.7492
2025-11-20 08:43:23,863;URBasic.dataLogData;INFO;actual_TCP_pose;773.459;-0.3444;-0.2391;0.2308;-1.9664;-2.4089;0.0428
2025-11-20 08:43:23,863;URBasic.dataLogData;INFO;actual_TCP_force;773.459;2.4148;-1.7003;8.9429;0.0526;0.0306;0.0117
2025-11-20 08:43:23,864;URBasic.dataLogData;INFO;actual_tool_accelerometer;773.459;-0.0383;-0.2682;-9.7683
2025-11-20 08:43:23,879;URBasic.dataLogData;INFO;actual_q;773.4749999999999;0.2955;-1.137;1.3867;-1.8619;-1.5729;0.0899
2025-11-20 08:43:23,879;URBasic.dataLogData;INFO;actual_TCP_pose;773.4749999999999;-0.3444;-0.2391;0.2307;-1.9665;-2.409;0.0427
2025-11-20 08:43:23,879;URBasic.dataLogData;INFO;actual_TCP_force;773.4749999999999;2.5302;-1.6602;8.8321;0.0519;0.0337;0.0129
2025-11-20 08:43:23,879;URBasic.dataLogData;INFO;actual_tool_accelerometer;773.4749999999999;-0.0766;-0.3448;-9.7683
2025-11-20 08:43:23,894;URBasic.dataLogData;INFO;actual_q;773.491;0.2955;-1.1371;1.3867;-1.8619;-1.5729;0.0899
2025-11-20 08:43:23,894;URBasic.dataLogData;INFO;actual_TCP_pose;773.491;-0.3444;-0.2391;0.2308;-1.9665;-2.4089;0.0427
2025-11-20 08:43:23,895;URBasic.dataLogData;INFO;actual_TCP_force;773.491;2.4515;-1.6464;8.8865;0.0533;0.0323;0.0105
2025-11-20 08:43:23,895;URBasic.dataLogData;INFO;actual_tool_accelerometer;773.491;-0.1341;-0.249;-9.73
2025-11-20 08:43:23,910;URBasic.dataLogData;INFO;actual_q;773.507;0.2955;-1.1371;1.3867;-1.862;-1.5729;0.0899
2025-11-20 08:43:23,910;URBasic.dataLogData;INFO;actual_TCP_pose;773.507;-0.3444;-0.2391;0.2308;-1.9664;-2.4089;0.0429
2025-11-20 08:43:23,911;URBasic.dataLogData;INFO;actual_TCP_force;773.507;2.4396;-1.6391;8.7433;0.0544;0.0341;0.0129
2025-11-20 08:43:23,911;URBasic.dataLogData;INFO;actual_tool_accelerometer;773.507;-0.0383;-0.2107;-9.6726
2025-11-20 08:43:23,926;URBasic.dataLogData;INFO;actual_q;773.5229999999999;0.2955;-1.1371;1.3867;-1.8619;-1.5729;0.0899
2025-11-20 08:43:23,926;URBasic.dataLogData;INFO;actual_TCP_pose;773.5229999999999;-0.3444;-0.2391;0.2308;-1.9665;-2.4089;0.0428
2025-11-20 08:43:23,927;URBasic.dataLogData;INFO;actual_TCP_force;773.5229999999999;2.3678;-1.6065;8.6896;0.0562;0.0309;0.0116
2025-11-20 08:43:23,927;URBasic.dataLogData;INFO;actual_tool_accelerometer;773.5229999999999;-0.0575;-0.3256;-9.845
2025-11-20 08:43:23,942;URBasic.dataLogData;INFO;actual_q;773.539;0.2955;-1.1371;1.3867;-1.862;-1.5729;0.0899
2025-11-20 08:43:23,942;URBasic.dataLogData;INFO;actual_TCP_pose;773.539;-0.3444;-0.2391;0.2308;-1.9664;-2.4089;0.0428
2025-11-20 08:43:23,942;URBasic.dataLogData;INFO;actual_TCP_force;773.539;2.4331;-1.6988;8.7443;0.056;0.0306;0.0129
2025-11-20 08:43:23,942;URBasic.dataLogData;INFO;actual_tool_accelerometer;773.539;-0.0383;-0.3065;-9.7875
2025-11-20 08:43:23,958;URBasic.dataLogData;INFO;actual_q;773.555;0.2955;-1.137;1.3867;-1.862;-1.5729;0.0899
2025-11-20 08:43:23,958;URBasic.dataLogData;INFO;actual_TCP_pose;773.555;-0.3444;-0.2391;0.2308;-1.9665;-2.4089;0.0427
2025-11-20 08:43:23,959;URBasic.dataLogData;INFO;actual_TCP_force;773.555;2.3117;-1.6213;8.8883;0.0524;0.0286;0.011
2025-11-20 08:43:23,959;URBasic.dataLogData;INFO;actual_tool_accelerometer;773.555;-0.0192;-0.3065;-9.7492
2025-11-20 08:43:23,974;URBasic.dataLogData;INFO;actual_q;773.5709999999999;0.2955;-1.1371;1.3868;-1.862;-1.5729;0.0899
2025-11-20 08:43:23,974;URBasic.dataLogData;INFO;actual_TCP_force;773.5709999999999;2.5363;-1.5723;8.6754;0.0529;0.0363;0.0116
2025-11-20 08:43:23,974;URBasic.dataLogData;INFO;actual_tool_accelerometer;773.5709999999999;-0.1341;-0.0958;-9.7492
2025-11-20 08:43:23,990;URBasic.dataLogData;INFO;actual_q;773.587;0.2955;-1.1371;1.3867;-1.8619;-1.5728;0.09
2025-11-20 08:43:23,990;URBasic.dataLogData;INFO;actual_TCP_pose;773.587;-0.3444;-0.2391;0.2308;-1.9665;-2.4089;0.0428
2025-11-20 08:43:23,990;URBasic.dataLogData;INFO;actual_TCP_force;773.587;2.5146;-1.6362;8.6336;0.0532;0.0335;0.012
2025-11-20 08:43:23,991;URBasic.dataLogData;INFO;actual_tool_accelerometer;773.587;-0.0192;-0.2682;-9.8067
2025-11-20 08:43:24,006;URBasic.dataLogData;INFO;actual_q;773.603;0.2955;-1.1371;1.3868;-1.862;-1.5729;0.0899
2025-11-20 08:43:24,006;URBasic.dataLogData;INFO;actual_TCP_pose;773.603;-0.3444;-0.2391;0.2308;-1.9664;-2.4089;0.0428
2025-11-20 08:43:24,006;URBasic.dataLogData;INFO;actual_TCP_force;773.603;2.5091;-1.5991;8.6235;0.0514;0.0375;0.0109
2025-11-20 08:43:24,006;URBasic.dataLogData;INFO;actual_tool_accelerometer;773.603;0.0383;-0.2873;-9.845
2025-11-20 08:43:24,022;URBasic.dataLogData;INFO;actual_q;773.6189999999999;0.2955;-1.1371;1.3867;-1.862;-1.5729;0.0899
2025-11-20 08:43:24,022;URBasic.dataLogData;INFO;actual_TCP_pose;773.6189999999999;-0.3444;-0.2391;0.2308;-1.9664;-2.4089;0.0429
2025-11-20 08:43:24,022;URBasic.dataLogData;INFO;actual_TCP_force;773.6189999999999;2.3008;-1.6007;8.8617;0.0524;0.0249;0.0125
2025-11-20 08:43:24,023;URBasic.dataLogData;INFO;actual_tool_accelerometer;773.6189999999999;-0.0192;-0.2107;-9.8833
2025-11-20 08:43:24,038;URBasic.dataLogData;INFO;actual_TCP_pose;773.635;-0.3444;-0.2391;0.2308;-1.9665;-2.4088;0.0428
2025-11-20 08:43:24,038;URBasic.dataLogData;INFO;actual_TCP_force;773.635;2.2299;-1.7004;8.5623;0.0549;0.0244;0.0106
2025-11-20 08:43:24,038;URBasic.dataLogData;INFO;actual_tool_accelerometer;773.635;-0.0575;-0.249;-9.7683
2025-11-20 08:43:24,054;URBasic.dataLogData;INFO;actual_q;773.651;0.2955;-1.1371;1.3867;-1.8619;-1.5729;0.0899
2025-11-20 08:43:24,054;URBasic.dataLogData;INFO;actual_TCP_pose;773.651;-0.3444;-0.2391;0.2308;-1.9665;-2.4089;0.0428
2025-11-20 08:43:24,054;URBasic.dataLogData;INFO;actual_TCP_force;773.651;2.5578;-1.6389;8.7141;0.0516;0.034;0.0108
2025-11-20 08:43:24,055;URBasic.dataLogData;INFO;actual_tool_accelerometer;773.651;-0.0766;-0.2873;-9.7492
2025-11-20 08:43:24,070;URBasic.dataLogData;INFO;actual_q;773.6669999999999;0.2955;-1.1371;1.3867;-1.862;-1.5728;0.0899
2025-11-20 08:43:24,070;URBasic.dataLogData;INFO;actual_TCP_pose;773.6669999999999;-0.3444;-0.2391;0.2308;-1.9664;-2.4089;0.0429
2025-11-20 08:43:24,070;URBasic.dataLogData;INFO;actual_TCP_force;773.6669999999999;2.3428;-1.5942;8.8348;0.0514;0.0286;0.0111
2025-11-20 08:43:24,070;URBasic.dataLogData;INFO;actual_tool_accelerometer;773.6669999999999;0.0575;-0.2107;-9.8258
2025-11-20 08:43:24,086;URBasic.dataLogData;INFO;actual_q;773.683;0.2955;-1.1371;1.3867;-1.8619;-1.5729;0.0899
2025-11-20 08:43:24,086;URBasic.dataLogData;INFO;actual_TCP_pose;773.683;-0.3444;-0.2391;0.2308;-1.9664;-2.4089;0.0428
2025-11-20 08:43:24,087;URBasic.dataLogData;INFO;actual_TCP_force;773.683;2.4135;-1.5902;8.8387;0.0522;0.0325;0.0099
2025-11-20 08:43:24,088;URBasic.dataLogData;INFO;actual_tool_accelerometer;773.683;0.0;-0.3448;-9.6917
2025-11-20 08:43:24,102;URBasic.dataLogData;INFO;actual_q;773.699;0.2955;-1.1371;1.3867;-1.862;-1.5729;0.0899
2025-11-20 08:43:24,102;URBasic.dataLogData;INFO;actual_TCP_force;773.699;2.3531;-1.6442;8.777;0.055;0.0322;0.0115
2025-11-20 08:43:24,102;URBasic.dataLogData;INFO;actual_tool_accelerometer;773.699;-0.0383;-0.1915;-9.6343
2025-11-20 08:43:24,117;URBasic.dataLogData;INFO;actual_TCP_force;773.7149999999999;2.3908;-1.6895;8.8263;0.0547;0.0284;0.0111
2025-11-20 08:43:24,117;URBasic.dataLogData;INFO;actual_tool_accelerometer;773.7149999999999;-0.0575;-0.2682;-9.7683
2025-11-20 08:43:24,133;URBasic.dataLogData;INFO;actual_q;773.731;0.2955;-1.137;1.3867;-1.862;-1.5728;0.0899
2025-11-20 08:43:24,133;URBasic.dataLogData;INFO;actual_TCP_pose;773.731;-0.3444;-0.2391;0.2308;-1.9665;-2.4089;0.0428
2025-11-20 08:43:24,133;URBasic.dataLogData;INFO;actual_TCP_force;773.731;2.4878;-1.6935;8.8816;0.0536;0.0327;0.0107
2025-11-20 08:43:24,133;URBasic.dataLogData;INFO;actual_tool_accelerometer;773.731;-0.0766;-0.3065;-9.7683
2025-11-20 08:43:24,149;URBasic.dataLogData;INFO;actual_q;773.747;0.2955;-1.1371;1.3867;-1.862;-1.5729;0.0899
2025-11-20 08:43:24,149;URBasic.dataLogData;INFO;actual_TCP_pose;773.747;-0.3444;-0.2391;0.2308;-1.9665;-2.4088;0.0428
2025-11-20 08:43:24,149;URBasic.dataLogData;INFO;actual_TCP_force;773.747;2.3366;-1.6955;8.8981;0.0564;0.0288;0.011
2025-11-20 08:43:24,149;URBasic.dataLogData;INFO;actual_tool_accelerometer;773.747;-0.1532;-0.3065;-9.7492
2025-11-20 08:43:24,165;URBasic.dataLogData;INFO;actual_TCP_pose;773.7629999999999;-0.3444;-0.2391;0.2308;-1.9664;-2.4089;0.0427
2025-11-20 08:43:24,165;URBasic.dataLogData;INFO;actual_TCP_force;773.7629999999999;2.4208;-1.6433;8.9953;0.0526;0.0307;0.011
2025-11-20 08:43:24,165;URBasic.dataLogData;INFO;actual_tool_accelerometer;773.7629999999999;-0.0766;-0.3065;-9.7492
2025-11-20 08:43:24,181;URBasic.dataLogData;INFO;actual_q;773.779;0.2955;-1.1371;1.3867;-1.8619;-1.5729;0.0899
2025-11-20 08:43:24,182;URBasic.dataLogData;INFO;actual_TCP_pose;773.779;-0.3444;-0.2391;0.2308;-1.9665;-2.4088;0.0428
2025-11-20 08:43:24,182;URBasic.dataLogData;INFO;actual_TCP_force;773.779;2.2802;-1.7442;8.7235;0.0547;0.0256;0.0115
2025-11-20 08:43:24,182;URBasic.dataLogData;INFO;actual_tool_accelerometer;773.779;-0.1341;-0.3448;-9.7683
2025-11-20 08:43:24,197;URBasic.dataLogData;INFO;actual_q;773.795;0.2955;-1.1371;1.3867;-1.862;-1.5729;0.0899
2025-11-20 08:43:24,197;URBasic.dataLogData;INFO;actual_TCP_pose;773.795;-0.3444;-0.2391;0.2308;-1.9664;-2.4089;0.0428
2025-11-20 08:43:24,197;URBasic.dataLogData;INFO;actual_TCP_force;773.795;2.469;-1.658;8.9154;0.0542;0.0317;0.0111
2025-11-20 08:43:24,198;URBasic.dataLogData;INFO;actual_tool_accelerometer;773.795;-0.1149;-0.2682;-9.7492
2025-11-20 08:43:24,213;URBasic.dataLogData;INFO;actual_TCP_pose;773.8109999999999;-0.3444;-0.2391;0.2308;-1.9664;-2.4089;0.0427
2025-11-20 08:43:24,213;URBasic.dataLogData;INFO;actual_TCP_force;773.8109999999999;2.4135;-1.5816;8.8176;0.0489;0.0341;0.0105
2025-11-20 08:43:24,214;URBasic.dataLogData;INFO;actual_tool_accelerometer;773.8109999999999;-0.0958;-0.3639;-9.8067
2025-11-20 08:43:24,229;URBasic.dataLogData;INFO;actual_q;773.827;0.2955;-1.1371;1.3867;-1.8619;-1.5729;0.0899
2025-11-20 08:43:24,229;URBasic.dataLogData;INFO;actual_TCP_pose;773.827;-0.3444;-0.2391;0.2308;-1.9664;-2.4089;0.0428
2025-11-20 08:43:24,229;URBasic.dataLogData;INFO;actual_TCP_force;773.827;2.3272;-1.7205;8.7318;0.0557;0.0291;0.0123
2025-11-20 08:43:24,230;URBasic.dataLogData;INFO;actual_tool_accelerometer;773.827;-0.0766;-0.3065;-9.9982
2025-11-20 08:43:24,244;URBasic.dataLogData;INFO;actual_q;773.843;0.2955;-1.1371;1.3867;-1.862;-1.5729;0.09
2025-11-20 08:43:24,244;URBasic.dataLogData;INFO;actual_TCP_pose;773.843;-0.3444;-0.2391;0.2308;-1.9665;-2.4088;0.0428
2025-11-20 08:43:24,245;URBasic.dataLogData;INFO;actual_TCP_force;773.843;2.4211;-1.7204;8.7749;0.0557;0.0312;0.0115
2025-11-20 08:43:24,245;URBasic.dataLogData;INFO;actual_tool_accelerometer;773.843;-0.0575;-0.2107;-9.7875
2025-11-20 08:43:24,259;URBasic.dataLogData;INFO;actual_q;773.8589999999999;0.2955;-1.1371;1.3867;-1.862;-1.5729;0.0899
2025-11-20 08:43:24,259;URBasic.dataLogData;INFO;actual_TCP_pose;773.8589999999999;-0.3444;-0.2391;0.2308;-1.9665;-2.4089;0.0428
2025-11-20 08:43:24,259;URBasic.dataLogData;INFO;actual_TCP_force;773.8589999999999;2.4508;-1.7069;8.7506;0.0563;0.0301;0.0117
2025-11-20 08:43:24,259;URBasic.dataLogData;INFO;actual_tool_accelerometer;773.8589999999999;0.0958;-0.3065;-9.8067
2025-11-20 08:43:24,274;URBasic.dataLogData;INFO;actual_TCP_pose;773.875;-0.3444;-0.2391;0.2308;-1.9665;-2.4088;0.0427
2025-11-20 08:43:24,274;URBasic.dataLogData;INFO;actual_TCP_force;773.875;2.535;-1.7981;8.8084;0.0566;0.0355;0.0126
2025-11-20 08:43:24,276;URBasic.dataLogData;INFO;actual_tool_accelerometer;773.875;-0.0575;-0.2873;-9.7492
2025-11-20 08:43:24,290;URBasic.dataLogData;INFO;actual_q;773.891;0.2955;-1.137;1.3867;-1.862;-1.5729;0.0898
2025-11-20 08:43:24,290;URBasic.dataLogData;INFO;actual_TCP_pose;773.891;-0.3444;-0.2391;0.2308;-1.9664;-2.409;0.0427
2025-11-20 08:43:24,290;URBasic.dataLogData;INFO;actual_TCP_force;773.891;2.3561;-1.5844;8.7127;0.0509;0.0285;0.0135
2025-11-20 08:43:24,290;URBasic.dataLogData;INFO;actual_tool_accelerometer;773.891;-0.0766;-0.4022;-9.8258
2025-11-20 08:43:24,306;URBasic.dataLogData;INFO;actual_q;773.9069999999999;0.2955;-1.1371;1.3867;-1.8619;-1.5729;0.0899
2025-11-20 08:43:24,306;URBasic.dataLogData;INFO;actual_TCP_pose;773.9069999999999;-0.3444;-0.2391;0.2308;-1.9665;-2.4089;0.0427
2025-11-20 08:43:24,306;URBasic.dataLogData;INFO;actual_TCP_force;773.9069999999999;2.4007;-1.6259;8.685;0.0563;0.0328;0.0103
2025-11-20 08:43:24,306;URBasic.dataLogData;INFO;actual_tool_accelerometer;773.9069999999999;-0.0383;-0.3831;-9.8258
2025-11-20 08:43:24,321;URBasic.dataLogData;INFO;actual_q;773.923;0.2955;-1.1371;1.3867;-1.862;-1.5729;0.09
2025-11-20 08:43:24,321;URBasic.dataLogData;INFO;actual_TCP_pose;773.923;-0.3444;-0.2391;0.2308;-1.9665;-2.4088;0.0428
2025-11-20 08:43:24,321;URBasic.dataLogData;INFO;actual_TCP_force;773.923;2.4323;-1.7293;8.5946;0.0592;0.0323;0.0119
2025-11-20 08:43:24,321;URBasic.dataLogData;INFO;actual_tool_accelerometer;773.923;-0.1149;-0.3639;-9.7875
2025-11-20 08:43:24,337;URBasic.dataLogData;INFO;actual_q;773.939;0.2955;-1.1371;1.3867;-1.8619;-1.5729;0.0899
2025-11-20 08:43:24,337;URBasic.dataLogData;INFO;actual_TCP_pose;773.939;-0.3444;-0.2391;0.2308;-1.9665;-2.4089;0.0427
2025-11-20 08:43:24,337;URBasic.dataLogData;INFO;actual_TCP_force;773.939;2.493;-1.7779;8.5907;0.0564;0.0354;0.0142
2025-11-20 08:43:24,338;URBasic.dataLogData;INFO;actual_tool_accelerometer;773.939;0.0192;-0.2873;-9.7492
2025-11-20 08:43:24,353;URBasic.dataLogData;INFO;actual_q;773.9549999999999;0.2955;-1.137;1.3867;-1.8619;-1.5729;0.0899
2025-11-20 08:43:24,353;URBasic.dataLogData;INFO;actual_TCP_pose;773.9549999999999;-0.3444;-0.2391;0.2307;-1.9664;-2.409;0.0427
2025-11-20 08:43:24,353;URBasic.dataLogData;INFO;actual_TCP_force;773.9549999999999;2.431;-1.6889;8.5049;0.055;0.0311;0.0112
2025-11-20 08:43:24,353;URBasic.dataLogData;INFO;actual_tool_accelerometer;773.9549999999999;0.0192;-0.249;-9.7683
2025-11-20 08:43:24,369;URBasic.dataLogData;INFO;actual_q;773.963;0.2955;-1.1371;1.3867;-1.8619;-1.5729;0.0899
2025-11-20 08:43:24,369;URBasic.dataLogData;INFO;actual_TCP_pose;773.963;-0.3444;-0.2391;0.2308;-1.9665;-2.4089;0.0427
2025-11-20 08:43:24,369;URBasic.dataLogData;INFO;actual_TCP_force;773.963;2.4408;-1.7214;8.6121;0.0557;0.0349;0.0122
2025-11-20 08:43:24,369;URBasic.dataLogData;INFO;actual_tool_accelerometer;773.963;-0.0766;-0.2107;-9.7109
2025-11-20 08:43:24,384;URBasic.dataLogData;INFO;actual_q;773.9789999999999;0.2955;-1.137;1.3867;-1.862;-1.5729;0.0899
2025-11-20 08:43:24,385;URBasic.dataLogData;INFO;actual_TCP_pose;773.9789999999999;-0.3444;-0.2391;0.2308;-1.9664;-2.4089;0.0428
2025-11-20 08:43:24,385;URBasic.dataLogData;INFO;actual_TCP_force;773.9789999999999;2.4235;-1.5919;8.6213;0.0518;0.0321;0.0118
2025-11-20 08:43:24,385;URBasic.dataLogData;INFO;actual_tool_accelerometer;773.9789999999999;0.0;-0.249;-9.8067
2025-11-20 08:43:24,400;URBasic.dataLogData;INFO;actual_q;773.995;0.2955;-1.1371;1.3867;-1.8619;-1.5729;0.09
2025-11-20 08:43:24,400;URBasic.dataLogData;INFO;actual_TCP_pose;773.995;-0.3444;-0.2391;0.2307;-1.9666;-2.4088;0.0427
2025-11-20 08:43:24,401;URBasic.dataLogData;INFO;actual_TCP_force;773.995;2.4888;-1.6772;8.7861;0.0544;0.0344;0.011
2025-11-20 08:43:24,401;URBasic.dataLogData;INFO;actual_tool_accelerometer;773.995;-0.1149;-0.2298;-9.7109
2025-11-20 08:43:24,416;URBasic.dataLogData;INFO;actual_q;774.011;0.2955;-1.137;1.3867;-1.862;-1.5729;0.0899
2025-11-20 08:43:24,416;URBasic.dataLogData;INFO;actual_TCP_pose;774.011;-0.3444;-0.2391;0.2308;-1.9664;-2.4089;0.0428
2025-11-20 08:43:24,416;URBasic.dataLogData;INFO;actual_TCP_force;774.011;2.5697;-1.6047;8.6432;0.0506;0.0349;0.0137
2025-11-20 08:43:24,416;URBasic.dataLogData;INFO;actual_tool_accelerometer;774.011;-0.0192;-0.2873;-9.8258
2025-11-20 08:43:24,431;URBasic.dataLogData;INFO;actual_q;774.0269999999999;0.2955;-1.1371;1.3867;-1.862;-1.5729;0.0899
2025-11-20 08:43:24,431;URBasic.dataLogData;INFO;actual_TCP_pose;774.0269999999999;-0.3444;-0.2391;0.2307;-1.9664;-2.4089;0.0427
2025-11-20 08:43:24,431;URBasic.dataLogData;INFO;actual_TCP_force;774.0269999999999;2.432;-1.7412;8.7394;0.0569;0.0314;0.0106
2025-11-20 08:43:24,432;URBasic.dataLogData;INFO;actual_tool_accelerometer;774.0269999999999;-0.0383;-0.4214;-9.7683
2025-11-20 08:43:24,446;URBasic.dataLogData;INFO;actual_q;774.043;0.2955;-1.1371;1.3867;-1.8619;-1.5729;0.0899
2025-11-20 08:43:24,446;URBasic.dataLogData;INFO;actual_TCP_pose;774.043;-0.3444;-0.2391;0.2308;-1.9665;-2.4089;0.0428
2025-11-20 08:43:24,446;URBasic.dataLogData;INFO;actual_TCP_force;774.043;2.3554;-1.5818;8.7303;0.0539;0.0309;0.0106
2025-11-20 08:43:24,447;URBasic.dataLogData;INFO;actual_tool_accelerometer;774.043;-0.0766;-0.2873;-9.6343
2025-11-20 08:43:24,463;URBasic.dataLogData;INFO;actual_q;774.059;0.2955;-1.1371;1.3867;-1.862;-1.5729;0.0899
2025-11-20 08:43:24,464;URBasic.dataLogData;INFO;actual_TCP_pose;774.059;-0.3444;-0.2391;0.2308;-1.9664;-2.4089;0.0428
2025-11-20 08:43:24,464;URBasic.dataLogData;INFO;actual_TCP_force;774.059;2.3801;-1.6179;8.6673;0.0502;0.0324;0.0107
2025-11-20 08:43:24,464;URBasic.dataLogData;INFO;actual_tool_accelerometer;774.059;-0.1149;-0.2107;-9.7492
2025-11-20 08:43:24,478;URBasic.dataLogData;INFO;actual_q;774.0749999999999;0.2954;-1.1371;1.3867;-1.862;-1.5729;0.09
2025-11-20 08:43:24,478;URBasic.dataLogData;INFO;actual_TCP_pose;774.0749999999999;-0.3444;-0.2391;0.2308;-1.9666;-2.4088;0.0428
2025-11-20 08:43:24,478;URBasic.dataLogData;INFO;actual_TCP_force;774.0749999999999;2.3629;-1.6279;8.7153;0.0533;0.0311;0.0112
2025-11-20 08:43:24,479;URBasic.dataLogData;INFO;actual_tool_accelerometer;774.0749999999999;0.1149;-0.3639;-9.8641
2025-11-20 08:43:24,494;URBasic.dataLogData;INFO;actual_q;774.091;0.2955;-1.1371;1.3867;-1.862;-1.5728;0.0899
2025-11-20 08:43:24,494;URBasic.dataLogData;INFO;actual_TCP_pose;774.091;-0.3444;-0.2391;0.2308;-1.9665;-2.4089;0.0429
2025-11-20 08:43:24,495;URBasic.dataLogData;INFO;actual_TCP_force;774.091;2.4757;-1.561;8.5757;0.0498;0.0304;0.0099
2025-11-20 08:43:24,495;URBasic.dataLogData;INFO;actual_tool_accelerometer;774.091;-0.0766;-0.3256;-9.8258
2025-11-20 08:43:24,510;URBasic.dataLogData;INFO;actual_q;774.107;0.2955;-1.137;1.3867;-1.862;-1.5729;0.0899
2025-11-20 08:43:24,510;URBasic.dataLogData;INFO;actual_TCP_pose;774.107;-0.3444;-0.2391;0.2307;-1.9664;-2.409;0.0427
2025-11-20 08:43:24,510;URBasic.dataLogData;INFO;actual_TCP_force;774.107;2.4394;-1.789;8.7881;0.0565;0.0327;0.0118
2025-11-20 08:43:24,510;URBasic.dataLogData;INFO;actual_tool_accelerometer;774.107;-0.0383;-0.3065;-9.7683
2025-11-20 08:43:24,525;URBasic.dataLogData;INFO;actual_q;774.1229999999999;0.2955;-1.1371;1.3867;-1.8619;-1.5728;0.0899
2025-11-20 08:43:24,525;URBasic.dataLogData;INFO;actual_TCP_pose;774.1229999999999;-0.3444;-0.2391;0.2308;-1.9665;-2.4089;0.0428
2025-11-20 08:43:24,525;URBasic.dataLogData;INFO;actual_TCP_force;774.1229999999999;2.4502;-1.733;8.8517;0.0522;0.0317;0.0111
2025-11-20 08:43:24,525;URBasic.dataLogData;INFO;actual_tool_accelerometer;774.1229999999999;-0.1149;-0.2682;-9.845
2025-11-20 08:43:24,541;URBasic.dataLogData;INFO;actual_q;774.139;0.2955;-1.1371;1.3867;-1.8619;-1.5729;0.09
2025-11-20 08:43:24,541;URBasic.dataLogData;INFO;actual_TCP_pose;774.139;-0.3444;-0.2391;0.2308;-1.9666;-2.4088;0.0427
2025-11-20 08:43:24,541;URBasic.dataLogData;INFO;actual_TCP_force;774.139;2.4144;-1.6487;8.6281;0.0537;0.0332;0.0113
2025-11-20 08:43:24,541;URBasic.dataLogData;INFO;actual_tool_accelerometer;774.139;-0.0383;-0.3256;-9.7683
2025-11-20 08:43:24,556;URBasic.dataLogData;INFO;actual_q;774.155;0.2955;-1.137;1.3867;-1.862;-1.5729;0.0899
2025-11-20 08:43:24,556;URBasic.dataLogData;INFO;actual_TCP_pose;774.155;-0.3444;-0.2391;0.2308;-1.9664;-2.4089;0.0427
2025-11-20 08:43:24,556;URBasic.dataLogData;INFO;actual_TCP_force;774.155;2.4265;-1.6112;8.7591;0.0553;0.0322;0.0103
2025-11-20 08:43:24,557;URBasic.dataLogData;INFO;actual_tool_accelerometer;774.155;-0.0958;-0.2298;-9.6726
2025-11-20 08:43:24,572;URBasic.dataLogData;INFO;actual_q;774.1709999999999;0.2955;-1.1371;1.3867;-1.862;-1.5728;0.0899
2025-11-20 08:43:24,572;URBasic.dataLogData;INFO;actual_TCP_pose;774.1709999999999;-0.3444;-0.2391;0.2307;-1.9665;-2.4089;0.0428
2025-11-20 08:43:24,572;URBasic.dataLogData;INFO;actual_TCP_force;774.1709999999999;2.4489;-1.6259;8.781;0.0498;0.0354;0.0112
2025-11-20 08:43:24,573;URBasic.dataLogData;INFO;actual_tool_accelerometer;774.1709999999999;-0.0192;-0.3256;-9.7875
2025-11-20 08:43:24,588;URBasic.dataLogData;INFO;actual_q;774.187;0.2955;-1.1371;1.3867;-1.862;-1.5729;0.0899
2025-11-20 08:43:24,588;URBasic.dataLogData;INFO;actual_TCP_pose;774.187;-0.3444;-0.2391;0.2308;-1.9665;-2.4089;0.0428
2025-11-20 08:43:24,588;URBasic.dataLogData;INFO;actual_TCP_force;774.187;2.4527;-1.5902;8.806;0.0536;0.033;0.0121
2025-11-20 08:43:24,588;URBasic.dataLogData;INFO;actual_tool_accelerometer;774.187;0.0;-0.3065;-9.6726
2025-11-20 08:43:24,603;URBasic.dataLogData;INFO;actual_q;774.203;0.2955;-1.1371;1.3867;-1.8619;-1.5729;0.0899
2025-11-20 08:43:24,603;URBasic.dataLogData;INFO;actual_TCP_pose;774.203;-0.3444;-0.2391;0.2308;-1.9665;-2.4089;0.0427
2025-11-20 08:43:24,603;URBasic.dataLogData;INFO;actual_TCP_force;774.203;2.4216;-1.6387;8.853;0.0541;0.0298;0.0097
2025-11-20 08:43:24,603;URBasic.dataLogData;INFO;actual_tool_accelerometer;774.203;0.0192;-0.2873;-9.8833
2025-11-20 08:43:24,609;URBasic.dataLogData;INFO;actual_q;774.211;0.2955;-1.1371;1.3867;-1.862;-1.5729;0.0899
2025-11-20 08:43:24,609;URBasic.dataLogData;INFO;actual_TCP_pose;774.211;-0.3444;-0.2391;0.2308;-1.9665;-2.4089;0.0428
2025-11-20 08:43:24,609;URBasic.dataLogData;INFO;actual_TCP_force;774.211;2.4056;-1.5523;8.9032;0.0499;0.0279;0.0141
2025-11-20 08:43:24,609;URBasic.dataLogData;INFO;actual_tool_accelerometer;774.211;-0.1532;-0.3448;-9.7683
2025-11-20 08:43:24,619;URBasic.dataLogData;INFO;actual_q;774.2189999999999;0.2955;-1.1371;1.3867;-1.862;-1.5729;0.09
2025-11-20 08:43:24,619;URBasic.dataLogData;INFO;actual_TCP_pose;774.2189999999999;-0.3444;-0.2391;0.2308;-1.9665;-2.4088;0.0428
2025-11-20 08:43:24,619;URBasic.dataLogData;INFO;actual_TCP_force;774.2189999999999;2.3995;-1.7569;8.8376;0.0553;0.0331;0.0118
2025-11-20 08:43:24,619;URBasic.dataLogData;INFO;actual_tool_accelerometer;774.2189999999999;-0.0766;-0.3065;-9.9407
2025-11-20 08:43:24,635;URBasic.dataLogData;INFO;actual_q;774.235;0.2955;-1.1371;1.3868;-1.862;-1.5729;0.0899
2025-11-20 08:43:24,635;URBasic.dataLogData;INFO;actual_TCP_pose;774.235;-0.3444;-0.2391;0.2308;-1.9665;-2.4089;0.0427
2025-11-20 08:43:24,635;URBasic.dataLogData;INFO;actual_TCP_force;774.235;2.5056;-1.6249;8.615;0.0542;0.0336;0.0119
2025-11-20 08:43:24,635;URBasic.dataLogData;INFO;actual_tool_accelerometer;774.235;-0.0383;-0.3256;-9.8067
2025-11-20 08:43:24,651;URBasic.dataLogData;INFO;actual_q;774.251;0.2955;-1.1371;1.3867;-1.862;-1.5729;0.0899
2025-11-20 08:43:24,651;URBasic.dataLogData;INFO;actual_TCP_pose;774.251;-0.3444;-0.2391;0.2308;-1.9664;-2.4088;0.0429
2025-11-20 08:43:24,651;URBasic.dataLogData;INFO;actual_TCP_force;774.251;2.4581;-1.6165;8.6503;0.0528;0.0326;0.0115
2025-11-20 08:43:24,651;URBasic.dataLogData;INFO;actual_tool_accelerometer;774.251;0.0;-0.3448;-9.8067
2025-11-20 08:43:24,667;URBasic.dataLogData;INFO;actual_TCP_pose;774.2669999999999;-0.3444;-0.2391;0.2308;-1.9665;-2.4089;0.0428
2025-11-20 08:43:24,667;URBasic.dataLogData;INFO;actual_TCP_force;774.2669999999999;2.3551;-1.6021;8.8307;0.0543;0.0275;0.0113
2025-11-20 08:43:24,667;URBasic.dataLogData;INFO;actual_tool_accelerometer;774.2669999999999;-0.0575;-0.1724;-9.7683
2025-11-20 08:43:24,673;URBasic.dataLogData;INFO;actual_TCP_pose;774.275;-0.3444;-0.2391;0.2308;-1.9665;-2.4088;0.0429
2025-11-20 08:43:24,673;URBasic.dataLogData;INFO;actual_TCP_force;774.275;2.4924;-1.5495;8.6538;0.0503;0.0334;0.011
2025-11-20 08:43:24,673;URBasic.dataLogData;INFO;actual_tool_accelerometer;774.275;-0.0766;-0.3065;-9.8258
2025-11-20 08:43:24,682;URBasic.dataLogData;INFO;actual_q;774.283;0.2954;-1.137;1.3867;-1.8619;-1.5729;0.0899
2025-11-20 08:43:24,682;URBasic.dataLogData;INFO;actual_TCP_pose;774.283;-0.3444;-0.2391;0.2307;-1.9665;-2.4089;0.0427
2025-11-20 08:43:24,682;URBasic.dataLogData;INFO;actual_TCP_force;774.283;2.4335;-1.5556;8.9262;0.052;0.0334;0.0124
2025-11-20 08:43:24,682;URBasic.dataLogData;INFO;actual_tool_accelerometer;774.283;-0.0958;-0.249;-9.6917
2025-11-20 08:43:24,698;URBasic.dataLogData;INFO;actual_q;774.299;0.2954;-1.1371;1.3867;-1.862;-1.5729;0.0899
2025-11-20 08:43:24,698;URBasic.dataLogData;INFO;actual_TCP_pose;774.299;-0.3444;-0.2391;0.2308;-1.9665;-2.4088;0.0428
2025-11-20 08:43:24,698;URBasic.dataLogData;INFO;actual_TCP_force;774.299;2.389;-1.6025;8.7021;0.052;0.0308;0.0106
2025-11-20 08:43:24,699;URBasic.dataLogData;INFO;actual_tool_accelerometer;774.299;-0.0575;-0.4405;-9.7683
2025-11-20 08:43:24,714;URBasic.dataLogData;INFO;actual_q;774.3149999999999;0.2955;-1.1371;1.3867;-1.862;-1.5729;0.09
2025-11-20 08:43:24,714;URBasic.dataLogData;INFO;actual_TCP_force;774.3149999999999;2.4396;-1.5037;8.7274;0.0504;0.0333;0.0123
2025-11-20 08:43:24,715;URBasic.dataLogData;INFO;actual_tool_accelerometer;774.3149999999999;-0.1149;-0.249;-9.6917
2025-11-20 08:43:24,730;URBasic.dataLogData;INFO;actual_q;774.331;0.2955;-1.1371;1.3867;-1.862;-1.5729;0.0899
2025-11-20 08:43:24,730;URBasic.dataLogData;INFO;actual_TCP_pose;774.331;-0.3444;-0.2391;0.2308;-1.9664;-2.4088;0.0428
2025-11-20 08:43:24,730;URBasic.dataLogData;INFO;actual_TCP_force;774.331;2.5205;-1.6472;8.7132;0.0536;0.0349;0.0129
2025-11-20 08:43:24,731;URBasic.dataLogData;INFO;actual_tool_accelerometer;774.331;-0.0383;-0.2873;-9.8067
2025-11-20 08:43:24,746;URBasic.dataLogData;INFO;actual_q;774.347;0.2954;-1.1371;1.3867;-1.862;-1.5729;0.0899
2025-11-20 08:43:24,746;URBasic.dataLogData;INFO;actual_TCP_pose;774.347;-0.3444;-0.2391;0.2308;-1.9665;-2.4088;0.0428
2025-11-20 08:43:24,747;URBasic.dataLogData;INFO;actual_TCP_force;774.347;2.3933;-1.6366;8.7522;0.0524;0.0287;0.0114
2025-11-20 08:43:24,747;URBasic.dataLogData;INFO;actual_tool_accelerometer;774.347;-0.1532;-0.2298;-9.7683
2025-11-20 08:43:24,762;URBasic.dataLogData;INFO;actual_q;774.3629999999999;0.2955;-1.137;1.3867;-1.862;-1.5729;0.0899
2025-11-20 08:43:24,762;URBasic.dataLogData;INFO;actual_TCP_pose;774.3629999999999;-0.3444;-0.2391;0.2308;-1.9665;-2.4089;0.0428
2025-11-20 08:43:24,762;URBasic.dataLogData;INFO;actual_TCP_force;774.3629999999999;2.3859;-1.5359;8.7359;0.0525;0.03;0.0108
2025-11-20 08:43:24,762;URBasic.dataLogData;INFO;actual_tool_accelerometer;774.3629999999999;-0.1341;-0.249;-9.7492
2025-11-20 08:43:24,778;URBasic.dataLogData;INFO;actual_q;774.379;0.2955;-1.1371;1.3866;-1.862;-1.5729;0.09
2025-11-20 08:43:24,778;URBasic.dataLogData;INFO;actual_TCP_pose;774.379;-0.3444;-0.2391;0.2308;-1.9664;-2.4088;0.043
2025-11-20 08:43:24,779;URBasic.dataLogData;INFO;actual_TCP_force;774.379;2.4147;-1.5788;8.8772;0.0551;0.0313;0.0107
2025-11-20 08:43:24,779;URBasic.dataLogData;INFO;actual_tool_accelerometer;774.379;-0.0575;-0.3065;-9.8067
2025-11-20 08:43:24,785;URBasic.dataLogData;INFO;actual_q;774.387;0.2955;-1.137;1.3868;-1.862;-1.5728;0.0899
2025-11-20 08:43:24,785;URBasic.dataLogData;INFO;actual_TCP_pose;774.387;-0.3444;-0.2391;0.2307;-1.9665;-2.4089;0.0427
2025-11-20 08:43:24,785;URBasic.dataLogData;INFO;actual_TCP_force;774.387;2.4461;-1.6612;8.8168;0.0543;0.0328;0.0111
2025-11-20 08:43:24,785;URBasic.dataLogData;INFO;actual_tool_accelerometer;774.387;-0.0766;-0.3639;-9.6534
2025-11-20 08:43:24,794;URBasic.dataLogData;INFO;actual_q;774.395;0.2955;-1.137;1.3867;-1.862;-1.5729;0.0899
2025-11-20 08:43:24,794;URBasic.dataLogData;INFO;actual_TCP_pose;774.395;-0.3444;-0.2391;0.2308;-1.9664;-2.4089;0.0428
2025-11-20 08:43:24,794;URBasic.dataLogData;INFO;actual_TCP_force;774.395;2.4282;-1.6806;8.8389;0.0539;0.0323;0.0124
2025-11-20 08:43:24,794;URBasic.dataLogData;INFO;actual_tool_accelerometer;774.395;0.0;-0.2682;-9.8258
2025-11-20 08:43:24,809;URBasic.dataLogData;INFO;actual_q;774.411;0.2954;-1.1371;1.3867;-1.8619;-1.5729;0.0899
2025-11-20 08:43:24,809;URBasic.dataLogData;INFO;actual_TCP_pose;774.411;-0.3444;-0.2391;0.2308;-1.9665;-2.4088;0.0428
2025-11-20 08:43:24,809;URBasic.dataLogData;INFO;actual_TCP_force;774.411;2.3251;-1.6599;8.7427;0.0545;0.0269;0.0103
2025-11-20 08:43:24,810;URBasic.dataLogData;INFO;actual_tool_accelerometer;774.411;0.0;-0.2682;-9.845
2025-11-20 08:43:24,825;URBasic.dataLogData;INFO;actual_q;774.427;0.2955;-1.1371;1.3867;-1.8619;-1.5729;0.0899
2025-11-20 08:43:24,825;URBasic.dataLogData;INFO;actual_TCP_pose;774.427;-0.3444;-0.2391;0.2308;-1.9664;-2.4089;0.0428
2025-11-20 08:43:24,825;URBasic.dataLogData;INFO;actual_TCP_force;774.427;2.3514;-1.5663;8.685;0.0515;0.031;0.0111
2025-11-20 08:43:24,825;URBasic.dataLogData;INFO;actual_tool_accelerometer;774.427;-0.0766;-0.2682;-9.8258
2025-11-20 08:43:24,841;URBasic.dataLogData;INFO;actual_q;774.443;0.2955;-1.1371;1.3867;-1.862;-1.5729;0.0899
2025-11-20 08:43:24,841;URBasic.dataLogData;INFO;actual_TCP_force;774.443;2.4365;-1.5978;8.8121;0.0524;0.0308;0.012
2025-11-20 08:43:24,841;URBasic.dataLogData;INFO;actual_tool_accelerometer;774.443;-0.1149;-0.3065;-9.7492
2025-11-20 08:43:24,857;URBasic.dataLogData;INFO;actual_q;774.459;0.2955;-1.137;1.3867;-1.862;-1.5729;0.0899
2025-11-20 08:43:24,857;URBasic.dataLogData;INFO;actual_TCP_pose;774.459;-0.3444;-0.2391;0.2308;-1.9665;-2.4089;0.0428
2025-11-20 08:43:24,857;URBasic.dataLogData;INFO;actual_TCP_force;774.459;2.4243;-1.7392;8.7871;0.0528;0.0317;0.0115
2025-11-20 08:43:24,858;URBasic.dataLogData;INFO;actual_tool_accelerometer;774.459;-0.0192;-0.1724;-9.7875
2025-11-20 08:43:24,873;URBasic.dataLogData;INFO;actual_q;774.4749999999999;0.2955;-1.1371;1.3867;-1.862;-1.5729;0.0899
2025-11-20 08:43:24,873;URBasic.dataLogData;INFO;actual_TCP_pose;774.4749999999999;-0.3444;-0.2391;0.2308;-1.9664;-2.4089;0.0428
2025-11-20 08:43:24,873;URBasic.dataLogData;INFO;actual_TCP_force;774.4749999999999;2.4618;-1.7562;8.67;0.0558;0.0315;0.0124
2025-11-20 08:43:24,873;URBasic.dataLogData;INFO;actual_tool_accelerometer;774.4749999999999;-0.0383;-0.3065;-9.7683
2025-11-20 08:43:24,888;URBasic.dataLogData;INFO;actual_q;774.483;0.2955;-1.137;1.3867;-1.862;-1.5729;0.0899
2025-11-20 08:43:24,888;URBasic.dataLogData;INFO;actual_TCP_pose;774.483;-0.3444;-0.2391;0.2307;-1.9665;-2.4089;0.0427
2025-11-20 08:43:24,888;URBasic.dataLogData;INFO;actual_TCP_force;774.483;2.4736;-1.6737;8.7307;0.0565;0.0357;0.0117
2025-11-20 08:43:24,889;URBasic.dataLogData;INFO;actual_tool_accelerometer;774.483;-0.0958;-0.3448;-9.8641
2025-11-20 08:43:24,904;URBasic.dataLogData;INFO;actual_q;774.4989999999999;0.2955;-1.1371;1.3867;-1.862;-1.5729;0.0899
2025-11-20 08:43:24,904;URBasic.dataLogData;INFO;actual_TCP_pose;774.4989999999999;-0.3444;-0.2391;0.2308;-1.9665;-2.4089;0.0427
2025-11-20 08:43:24,904;URBasic.dataLogData;INFO;actual_TCP_force;774.4989999999999;2.3856;-1.564;8.6936;0.0538;0.0306;0.0081
2025-11-20 08:43:24,905;URBasic.dataLogData;INFO;actual_tool_accelerometer;774.4989999999999;-0.0192;-0.2873;-9.7875
2025-11-20 08:43:24,920;URBasic.dataLogData;INFO;actual_q;774.515;0.2955;-1.1371;1.3867;-1.862;-1.5729;0.09
2025-11-20 08:43:24,920;URBasic.dataLogData;INFO;actual_TCP_pose;774.515;-0.3444;-0.2391;0.2308;-1.9665;-2.4088;0.0428
2025-11-20 08:43:24,920;URBasic.dataLogData;INFO;actual_TCP_force;774.515;2.4693;-1.6217;8.8355;0.0531;0.0299;0.013
2025-11-20 08:43:24,921;URBasic.dataLogData;INFO;actual_tool_accelerometer;774.515;0.0;-0.2873;-9.6534
2025-11-20 08:43:24,935;URBasic.dataLogData;INFO;actual_q;774.531;0.2955;-1.1371;1.3867;-1.862;-1.5729;0.0899
2025-11-20 08:43:24,935;URBasic.dataLogData;INFO;actual_TCP_pose;774.531;-0.3444;-0.2391;0.2308;-1.9664;-2.4089;0.0428
2025-11-20 08:43:24,935;URBasic.dataLogData;INFO;actual_TCP_force;774.531;2.3245;-1.5667;8.6284;0.0526;0.0281;0.0133
2025-11-20 08:43:24,935;URBasic.dataLogData;INFO;actual_tool_accelerometer;774.531;-0.0575;-0.3256;-9.979
2025-11-20 08:43:24,950;URBasic.dataLogData;INFO;actual_q;774.5469999999999;0.2955;-1.1371;1.3867;-1.8619;-1.5729;0.0899
2025-11-20 08:43:24,950;URBasic.dataLogData;INFO;actual_TCP_pose;774.5469999999999;-0.3444;-0.2391;0.2307;-1.9664;-2.4089;0.0427
2025-11-20 08:43:24,950;URBasic.dataLogData;INFO;actual_TCP_force;774.5469999999999;2.4988;-1.7629;8.6944;0.0583;0.0316;0.0121
2025-11-20 08:43:24,950;URBasic.dataLogData;INFO;actual_tool_accelerometer;774.5469999999999;-0.0575;-0.3448;-9.9216
2025-11-20 08:43:24,966;URBasic.dataLogData;INFO;actual_q;774.563;0.2955;-1.1371;1.3867;-1.862;-1.5729;0.0899
2025-11-20 08:43:24,966;URBasic.dataLogData;INFO;actual_TCP_pose;774.563;-0.3444;-0.2391;0.2308;-1.9664;-2.4089;0.0428
2025-11-20 08:43:24,966;URBasic.dataLogData;INFO;actual_TCP_force;774.563;2.5213;-1.7366;8.7308;0.0562;0.0375;0.01
2025-11-20 08:43:24,966;URBasic.dataLogData;INFO;actual_tool_accelerometer;774.563;-0.0958;-0.2873;-9.7683
2025-11-20 08:43:24,982;URBasic.dataLogData;INFO;actual_q;774.579;0.2955;-1.137;1.3867;-1.8619;-1.5729;0.0899
2025-11-20 08:43:24,982;URBasic.dataLogData;INFO;actual_TCP_pose;774.579;-0.3444;-0.2391;0.2308;-1.9664;-2.4089;0.0427
2025-11-20 08:43:24,982;URBasic.dataLogData;INFO;actual_TCP_force;774.579;2.4214;-1.6901;8.7277;0.0572;0.0316;0.0107
2025-11-20 08:43:24,983;URBasic.dataLogData;INFO;actual_tool_accelerometer;774.579;-0.1149;-0.2107;-9.7875
2025-11-20 08:43:24,997;URBasic.dataLogData;INFO;actual_q;774.5949999999999;0.2955;-1.1371;1.3867;-1.862;-1.5729;0.0899
2025-11-20 08:43:24,997;URBasic.dataLogData;INFO;actual_TCP_pose;774.5949999999999;-0.3444;-0.2391;0.2308;-1.9664;-2.4089;0.0429
2025-11-20 08:43:24,998;URBasic.dataLogData;INFO;actual_TCP_force;774.5949999999999;2.424;-1.6025;8.7599;0.0498;0.0339;0.0109
2025-11-20 08:43:24,998;URBasic.dataLogData;INFO;actual_tool_accelerometer;774.5949999999999;-0.0575;-0.3448;-9.8067
2025-11-20 08:43:25,013;URBasic.dataLogData;INFO;actual_TCP_pose;774.611;-0.3444;-0.2391;0.2308;-1.9664;-2.4089;0.0428
2025-11-20 08:43:25,013;URBasic.dataLogData;INFO;actual_TCP_force;774.611;2.4672;-1.6044;8.609;0.0512;0.0317;0.0122
2025-11-20 08:43:25,013;URBasic.dataLogData;INFO;actual_tool_accelerometer;774.611;-0.0766;-0.3065;-9.845
2025-11-20 08:43:25,029;URBasic.dataLogData;INFO;actual_q;774.627;0.2954;-1.137;1.3867;-1.8619;-1.5729;0.0899
2025-11-20 08:43:25,029;URBasic.dataLogData;INFO;actual_TCP_pose;774.627;-0.3444;-0.2391;0.2307;-1.9665;-2.4089;0.0427
2025-11-20 08:43:25,030;URBasic.dataLogData;INFO;actual_TCP_force;774.627;2.4433;-1.635;8.6587;0.0548;0.0323;0.0116
2025-11-20 08:43:25,030;URBasic.dataLogData;INFO;actual_tool_accelerometer;774.627;-0.0958;-0.2298;-9.7683
2025-11-20 08:43:25,044;URBasic.dataLogData;INFO;actual_q;774.6429999999999;0.2955;-1.1371;1.3867;-1.8619;-1.5729;0.0899
2025-11-20 08:43:25,044;URBasic.dataLogData;INFO;actual_TCP_pose;774.6429999999999;-0.3444;-0.2391;0.2308;-1.9664;-2.4089;0.0428
2025-11-20 08:43:25,044;URBasic.dataLogData;INFO;actual_TCP_force;774.6429999999999;2.5126;-1.5783;8.724;0.0549;0.0338;0.0101
2025-11-20 08:43:25,046;URBasic.dataLogData;INFO;actual_tool_accelerometer;774.6429999999999;-0.0383;-0.3448;-9.8258
2025-11-20 08:43:25,060;URBasic.dataLogData;INFO;actual_q;774.659;0.2955;-1.1371;1.3867;-1.862;-1.5729;0.0899
2025-11-20 08:43:25,060;URBasic.dataLogData;INFO;actual_TCP_pose;774.659;-0.3444;-0.2391;0.2308;-1.9665;-2.4089;0.0428
2025-11-20 08:43:25,061;URBasic.dataLogData;INFO;actual_TCP_force;774.659;2.4783;-1.5746;8.678;0.0537;0.0334;0.0117
2025-11-20 08:43:25,061;URBasic.dataLogData;INFO;actual_tool_accelerometer;774.659;-0.0575;-0.2873;-9.845
2025-11-20 08:43:25,076;URBasic.dataLogData;INFO;actual_q;774.675;0.2955;-1.1371;1.3867;-1.8619;-1.5729;0.0899
2025-11-20 08:43:25,076;URBasic.dataLogData;INFO;actual_TCP_pose;774.675;-0.3444;-0.2391;0.2308;-1.9664;-2.4089;0.0428
2025-11-20 08:43:25,076;URBasic.dataLogData;INFO;actual_TCP_force;774.675;2.2805;-1.6299;8.6727;0.0517;0.0271;0.0119
2025-11-20 08:43:25,077;URBasic.dataLogData;INFO;actual_tool_accelerometer;774.675;-0.0958;-0.3448;-9.7683
2025-11-20 08:43:25,090;URBasic.dataLogData;INFO;actual_TCP_force;774.6909999999999;2.4624;-1.6358;8.7684;0.054;0.0316;0.0102
2025-11-20 08:43:25,090;URBasic.dataLogData;INFO;actual_tool_accelerometer;774.6909999999999;-0.1915;-0.3256;-9.7683
2025-11-20 08:43:25,106;URBasic.dataLogData;INFO;actual_q;774.707;0.2955;-1.1371;1.3867;-1.862;-1.5729;0.0899
2025-11-20 08:43:25,106;URBasic.dataLogData;INFO;actual_TCP_pose;774.707;-0.3444;-0.2391;0.2308;-1.9664;-2.4089;0.0429
2025-11-20 08:43:25,106;URBasic.dataLogData;INFO;actual_TCP_force;774.707;2.4505;-1.5756;8.698;0.0541;0.0319;0.0128
2025-11-20 08:43:25,106;URBasic.dataLogData;INFO;actual_tool_accelerometer;774.707;-0.0192;-0.3256;-9.8067
2025-11-20 08:43:25,123;URBasic.dataLogData;INFO;actual_TCP_force;774.723;2.4347;-1.6221;8.6593;0.0553;0.0314;0.0126
2025-11-20 08:43:25,123;URBasic.dataLogData;INFO;actual_tool_accelerometer;774.723;-0.0958;-0.3065;-9.73
2025-11-20 08:43:25,138;URBasic.dataLogData;INFO;actual_q;774.7389999999999;0.2955;-1.137;1.3867;-1.862;-1.5729;0.0899
2025-11-20 08:43:25,138;URBasic.dataLogData;INFO;actual_TCP_pose;774.7389999999999;-0.3444;-0.2391;0.2308;-1.9665;-2.4089;0.0428
2025-11-20 08:43:25,138;URBasic.dataLogData;INFO;actual_TCP_force;774.7389999999999;2.4594;-1.6156;8.8299;0.0549;0.0314;0.0125
2025-11-20 08:43:25,138;URBasic.dataLogData;INFO;actual_tool_accelerometer;774.7389999999999;-0.0575;-0.2873;-9.8258
2025-11-20 08:43:25,153;URBasic.dataLogData;INFO;actual_q;774.755;0.2955;-1.1371;1.3866;-1.8619;-1.5729;0.0899
2025-11-20 08:43:25,153;URBasic.dataLogData;INFO;actual_TCP_pose;774.755;-0.3444;-0.2391;0.2308;-1.9664;-2.4089;0.0429
2025-11-20 08:43:25,154;URBasic.dataLogData;INFO;actual_TCP_force;774.755;2.4809;-1.6669;8.7699;0.057;0.0315;0.0107
2025-11-20 08:43:25,154;URBasic.dataLogData;INFO;actual_tool_accelerometer;774.755;-0.0958;-0.2873;-9.8067
2025-11-20 08:43:25,169;URBasic.dataLogData;INFO;actual_q;774.771;0.2955;-1.1371;1.3867;-1.8619;-1.5729;0.0899
2025-11-20 08:43:25,169;URBasic.dataLogData;INFO;actual_TCP_pose;774.771;-0.3444;-0.2391;0.2308;-1.9665;-2.4088;0.0428
2025-11-20 08:43:25,169;URBasic.dataLogData;INFO;actual_TCP_force;774.771;2.4652;-1.6598;8.6419;0.0558;0.0329;0.0123
2025-11-20 08:43:25,170;URBasic.dataLogData;INFO;actual_tool_accelerometer;774.771;-0.0383;-0.3448;-9.7875
2025-11-20 08:43:25,184;URBasic.dataLogData;INFO;actual_TCP_pose;774.779;-0.3444;-0.2391;0.2308;-1.9664;-2.4089;0.0428
2025-11-20 08:43:25,184;URBasic.dataLogData;INFO;actual_TCP_force;774.779;2.4898;-1.5475;8.7248;0.0537;0.0336;0.0111
2025-11-20 08:43:25,184;URBasic.dataLogData;INFO;actual_tool_accelerometer;774.779;-0.0192;-0.1532;-9.7492
2025-11-20 08:43:25,200;URBasic.dataLogData;INFO;actual_TCP_pose;774.795;-0.3444;-0.2391;0.2308;-1.9665;-2.4089;0.0428
2025-11-20 08:43:25,200;URBasic.dataLogData;INFO;actual_TCP_force;774.795;2.3727;-1.6392;8.7178;0.053;0.0292;0.0107
2025-11-20 08:43:25,201;URBasic.dataLogData;INFO;actual_tool_accelerometer;774.795;-0.0575;-0.1532;-9.7683
2025-11-20 08:43:25,215;URBasic.dataLogData;INFO;actual_q;774.8109999999999;0.2955;-1.1371;1.3868;-1.862;-1.5729;0.0899
2025-11-20 08:43:25,215;URBasic.dataLogData;INFO;actual_TCP_pose;774.8109999999999;-0.3444;-0.2391;0.2307;-1.9665;-2.4089;0.0427
2025-11-20 08:43:25,215;URBasic.dataLogData;INFO;actual_TCP_force;774.8109999999999;2.3342;-1.5575;8.6437;0.054;0.0301;0.0099
2025-11-20 08:43:25,215;URBasic.dataLogData;INFO;actual_tool_accelerometer;774.8109999999999;-0.0958;-0.3448;-9.8067
2025-11-20 08:43:25,231;URBasic.dataLogData;INFO;actual_q;774.827;0.2954;-1.1371;1.3867;-1.862;-1.5729;0.0899
2025-11-20 08:43:25,231;URBasic.dataLogData;INFO;actual_TCP_pose;774.827;-0.3444;-0.2391;0.2308;-1.9665;-2.4088;0.0428
2025-11-20 08:43:25,231;URBasic.dataLogData;INFO;actual_TCP_force;774.827;2.3886;-1.5812;8.8245;0.0538;0.0314;0.0123
2025-11-20 08:43:25,231;URBasic.dataLogData;INFO;actual_tool_accelerometer;774.827;0.0;-0.3831;-9.8258
2025-11-20 08:43:25,247;URBasic.dataLogData;INFO;actual_q;774.843;0.2955;-1.137;1.3867;-1.8619;-1.5729;0.0899
2025-11-20 08:43:25,247;URBasic.dataLogData;INFO;actual_TCP_pose;774.843;-0.3444;-0.2391;0.2307;-1.9665;-2.4089;0.0427
2025-11-20 08:43:25,248;URBasic.dataLogData;INFO;actual_TCP_force;774.843;2.4598;-1.622;8.7347;0.0525;0.035;0.0113
2025-11-20 08:43:25,248;URBasic.dataLogData;INFO;actual_tool_accelerometer;774.843;0.0;-0.4214;-9.7683
2025-11-20 08:43:25,261;URBasic.dataLogData;INFO;actual_q;774.8589999999999;0.2955;-1.1371;1.3867;-1.862;-1.5729;0.0899
2025-11-20 08:43:25,261;URBasic.dataLogData;INFO;actual_TCP_pose;774.8589999999999;-0.3444;-0.2391;0.2308;-1.9664;-2.4089;0.0428
2025-11-20 08:43:25,261;URBasic.dataLogData;INFO;actual_TCP_force;774.8589999999999;2.4931;-1.7412;8.6993;0.0543;0.0348;0.011
2025-11-20 08:43:25,261;URBasic.dataLogData;INFO;actual_tool_accelerometer;774.8589999999999;-0.0383;-0.3256;-9.845
2025-11-20 08:43:25,277;URBasic.dataLogData;INFO;actual_q;774.875;0.2955;-1.137;1.3867;-1.862;-1.5729;0.0898
2025-11-20 08:43:25,278;URBasic.dataLogData;INFO;actual_TCP_pose;774.875;-0.3444;-0.2391;0.2307;-1.9664;-2.409;0.0427
2025-11-20 08:43:25,278;URBasic.dataLogData;INFO;actual_TCP_force;774.875;2.4157;-1.6744;8.7262;0.0546;0.0301;0.0132
2025-11-20 08:43:25,279;URBasic.dataLogData;INFO;actual_tool_accelerometer;774.875;-0.1341;-0.2873;-9.8067
2025-11-20 08:43:25,292;URBasic.dataLogData;INFO;actual_q;774.891;0.2955;-1.1371;1.3867;-1.8619;-1.5729;0.0899
2025-11-20 08:43:25,292;URBasic.dataLogData;INFO;actual_TCP_pose;774.891;-0.3444;-0.2391;0.2308;-1.9664;-2.4089;0.0428
2025-11-20 08:43:25,292;URBasic.dataLogData;INFO;actual_TCP_force;774.891;2.3903;-1.6701;8.8147;0.0565;0.0324;0.0111
2025-11-20 08:43:25,292;URBasic.dataLogData;INFO;actual_tool_accelerometer;774.891;0.0192;-0.2873;-9.8258
2025-11-20 08:43:25,308;URBasic.dataLogData;INFO;actual_q;774.9069999999999;0.2955;-1.1372;1.3867;-1.8619;-1.5729;0.0899
2025-11-20 08:43:25,309;URBasic.dataLogData;INFO;actual_TCP_force;774.9069999999999;2.4008;-1.6312;8.8245;0.0548;0.0309;0.011
2025-11-20 08:43:25,310;URBasic.dataLogData;INFO;actual_tool_accelerometer;774.9069999999999;-0.0192;-0.3065;-9.7492
2025-11-20 08:43:25,316;URBasic.dataLogData;INFO;actual_TCP_force;774.915;2.3637;-1.6295;8.7063;0.0556;0.03;0.0116
2025-11-20 08:43:25,317;URBasic.dataLogData;INFO;actual_tool_accelerometer;774.915;-0.1532;-0.3065;-9.7492
2025-11-20 08:43:25,324;URBasic.dataLogData;INFO;actual_q;774.923;0.2955;-1.137;1.3867;-1.8619;-1.5729;0.0899
2025-11-20 08:43:25,324;URBasic.dataLogData;INFO;actual_TCP_pose;774.923;-0.3444;-0.2391;0.2307;-1.9664;-2.4089;0.0426
2025-11-20 08:43:25,325;URBasic.dataLogData;INFO;actual_TCP_force;774.923;2.3458;-1.5749;8.7118;0.0538;0.0302;0.0105
2025-11-20 08:43:25,325;URBasic.dataLogData;INFO;actual_tool_accelerometer;774.923;-0.0383;-0.2298;-9.8258
2025-11-20 08:43:25,340;URBasic.dataLogData;INFO;actual_q;774.939;0.2955;-1.1371;1.3867;-1.862;-1.5729;0.09
2025-11-20 08:43:25,341;URBasic.dataLogData;INFO;actual_TCP_pose;774.939;-0.3444;-0.2391;0.2308;-1.9664;-2.4088;0.0429
2025-11-20 08:43:25,342;URBasic.dataLogData;INFO;actual_TCP_force;774.939;2.3991;-1.591;8.7238;0.052;0.0324;0.012
2025-11-20 08:43:25,343;URBasic.dataLogData;INFO;actual_tool_accelerometer;774.939;-0.0383;-0.3065;-9.73
2025-11-20 08:43:25,356;URBasic.dataLogData;INFO;actual_q;774.9549999999999;0.2955;-1.1371;1.3867;-1.8619;-1.5729;0.0899
2025-11-20 08:43:25,356;URBasic.dataLogData;INFO;actual_TCP_pose;774.9549999999999;-0.3444;-0.2391;0.2308;-1.9665;-2.4089;0.0427
2025-11-20 08:43:25,356;URBasic.dataLogData;INFO;actual_TCP_force;774.9549999999999;2.5215;-1.7137;8.7168;0.0571;0.0347;0.0112
2025-11-20 08:43:25,356;URBasic.dataLogData;INFO;actual_tool_accelerometer;774.9549999999999;-0.0192;-0.2873;-9.7875
2025-11-20 08:43:25,371;URBasic.dataLogData;INFO;actual_q;774.971;0.2955;-1.1371;1.3868;-1.8619;-1.5728;0.0899
2025-11-20 08:43:25,372;URBasic.dataLogData;INFO;actual_TCP_pose;774.971;-0.3443;-0.2391;0.2307;-1.9665;-2.409;0.0427
2025-11-20 08:43:25,372;URBasic.dataLogData;INFO;actual_TCP_force;774.971;2.2719;-1.5773;8.6052;0.0511;0.0261;0.0106
2025-11-20 08:43:25,372;URBasic.dataLogData;INFO;actual_tool_accelerometer;774.971;-0.0192;-0.3831;-9.8641
2025-11-20 08:43:25,387;URBasic.dataLogData;INFO;actual_q;774.987;0.2955;-1.1371;1.3867;-1.862;-1.5729;0.09
2025-11-20 08:43:25,387;URBasic.dataLogData;INFO;actual_TCP_pose;774.987;-0.3444;-0.2391;0.2308;-1.9665;-2.4088;0.0428
2025-11-20 08:43:25,387;URBasic.dataLogData;INFO;actual_TCP_force;774.987;2.5486;-1.6396;8.8553;0.0533;0.0344;0.0118
2025-11-20 08:43:25,387;URBasic.dataLogData;INFO;actual_tool_accelerometer;774.987;-0.0383;-0.2107;-9.7492
2025-11-20 08:43:25,403;URBasic.dataLogData;INFO;actual_q;775.0029999999999;0.2955;-1.1371;1.3867;-1.8619;-1.5729;0.0899
2025-11-20 08:43:25,403;URBasic.dataLogData;INFO;actual_TCP_pose;775.0029999999999;-0.3444;-0.2391;0.2308;-1.9664;-2.4089;0.0429
2025-11-20 08:43:25,403;URBasic.dataLogData;INFO;actual_TCP_force;775.0029999999999;2.4862;-1.5974;8.8001;0.0538;0.0344;0.0103
2025-11-20 08:43:25,404;URBasic.dataLogData;INFO;actual_tool_accelerometer;775.0029999999999;-0.0575;-0.2873;-9.73
2025-11-20 08:43:25,419;URBasic.dataLogData;INFO;actual_q;775.019;0.2955;-1.1371;1.3867;-1.862;-1.5729;0.0899
2025-11-20 08:43:25,419;URBasic.dataLogData;INFO;actual_TCP_pose;775.019;-0.3444;-0.2391;0.2308;-1.9664;-2.4089;0.0427
2025-11-20 08:43:25,419;URBasic.dataLogData;INFO;actual_TCP_force;775.019;2.3735;-1.5125;8.6801;0.052;0.0307;0.0111
2025-11-20 08:43:25,419;URBasic.dataLogData;INFO;actual_tool_accelerometer;775.019;0.0;-0.2107;-9.7492
2025-11-20 08:43:25,435;URBasic.dataLogData;INFO;actual_q;775.035;0.2955;-1.1371;1.3867;-1.8619;-1.5728;0.0899
2025-11-20 08:43:25,435;URBasic.dataLogData;INFO;actual_TCP_pose;775.035;-0.3444;-0.2391;0.2308;-1.9665;-2.4089;0.0429
2025-11-20 08:43:25,436;URBasic.dataLogData;INFO;actual_TCP_force;775.035;2.4742;-1.6705;8.9476;0.053;0.0309;0.011
2025-11-20 08:43:25,436;URBasic.dataLogData;INFO;actual_tool_accelerometer;775.035;-0.0192;-0.3065;-9.7492
2025-11-20 08:43:25,442;URBasic.dataLogData;INFO;actual_q;775.043;0.2955;-1.1371;1.3867;-1.8619;-1.5729;0.0899
2025-11-20 08:43:25,442;URBasic.dataLogData;INFO;actual_TCP_pose;775.043;-0.3444;-0.2391;0.2308;-1.9665;-2.4089;0.0427
2025-11-20 08:43:25,442;URBasic.dataLogData;INFO;actual_TCP_force;775.043;2.4436;-1.6708;8.9664;0.0505;0.0327;0.0125
2025-11-20 08:43:25,442;URBasic.dataLogData;INFO;actual_tool_accelerometer;775.043;-0.0383;-0.1915;-9.8067
2025-11-20 08:43:25,451;URBasic.dataLogData;INFO;actual_q;775.0509999999999;0.2954;-1.1371;1.3867;-1.862;-1.5729;0.0899
2025-11-20 08:43:25,451;URBasic.dataLogData;INFO;actual_TCP_pose;775.0509999999999;-0.3444;-0.2391;0.2308;-1.9665;-2.4088;0.0429
2025-11-20 08:43:25,451;URBasic.dataLogData;INFO;actual_TCP_force;775.0509999999999;2.4273;-1.6153;8.9233;0.0536;0.0333;0.0098
2025-11-20 08:43:25,452;URBasic.dataLogData;INFO;actual_tool_accelerometer;775.0509999999999;-0.0766;-0.3448;-9.7492
2025-11-20 08:43:25,467;URBasic.dataLogData;INFO;actual_q;775.067;0.2955;-1.1371;1.3867;-1.8619;-1.5729;0.0899
2025-11-20 08:43:25,467;URBasic.dataLogData;INFO;actual_TCP_pose;775.067;-0.3444;-0.2391;0.2308;-1.9664;-2.4089;0.0427
2025-11-20 08:43:25,467;URBasic.dataLogData;INFO;actual_TCP_force;775.067;2.4609;-1.5142;8.7502;0.0513;0.034;0.01
2025-11-20 08:43:25,468;URBasic.dataLogData;INFO;actual_tool_accelerometer;775.067;-0.0575;-0.3256;-9.8258
2025-11-20 08:43:25,482;URBasic.dataLogData;INFO;actual_q;775.083;0.2955;-1.1371;1.3867;-1.862;-1.5729;0.0899
2025-11-20 08:43:25,482;URBasic.dataLogData;INFO;actual_TCP_pose;775.083;-0.3444;-0.2391;0.2308;-1.9665;-2.4089;0.0427
2025-11-20 08:43:25,482;URBasic.dataLogData;INFO;actual_TCP_force;775.083;2.4067;-1.5169;8.7256;0.0538;0.0307;0.0084
2025-11-20 08:43:25,482;URBasic.dataLogData;INFO;actual_tool_accelerometer;775.083;-0.0575;-0.2682;-9.73
2025-11-20 08:43:25,498;URBasic.dataLogData;INFO;actual_q;775.0989999999999;0.2955;-1.1371;1.3867;-1.8619;-1.5729;0.0899
2025-11-20 08:43:25,498;URBasic.dataLogData;INFO;actual_TCP_force;775.0989999999999;2.3606;-1.4782;8.7718;0.0524;0.0337;0.012
2025-11-20 08:43:25,499;URBasic.dataLogData;INFO;actual_tool_accelerometer;775.0989999999999;-0.0766;-0.2107;-9.73
2025-11-20 08:43:25,505;URBasic.dataLogData;INFO;actual_TCP_pose;775.107;-0.3444;-0.2391;0.2308;-1.9664;-2.4089;0.0428
2025-11-20 08:43:25,505;URBasic.dataLogData;INFO;actual_TCP_force;775.107;2.3253;-1.5749;8.7665;0.056;0.0277;0.0125
2025-11-20 08:43:25,505;URBasic.dataLogData;INFO;actual_tool_accelerometer;775.107;-0.0383;-0.2107;-9.73
2025-11-20 08:43:25,514;URBasic.dataLogData;INFO;actual_q;775.115;0.2954;-1.1371;1.3867;-1.8619;-1.5729;0.09
2025-11-20 08:43:25,514;URBasic.dataLogData;INFO;actual_TCP_pose;775.115;-0.3444;-0.2391;0.2308;-1.9666;-2.4088;0.0427
2025-11-20 08:43:25,514;URBasic.dataLogData;INFO;actual_TCP_force;775.115;2.4806;-1.6252;8.562;0.0579;0.0354;0.0108
2025-11-20 08:43:25,514;URBasic.dataLogData;INFO;actual_tool_accelerometer;775.115;-0.1149;-0.2873;-9.8258
2025-11-20 08:43:25,530;URBasic.dataLogData;INFO;actual_q;775.131;0.2955;-1.1371;1.3867;-1.862;-1.5729;0.0899
2025-11-20 08:43:25,530;URBasic.dataLogData;INFO;actual_TCP_pose;775.131;-0.3444;-0.2391;0.2308;-1.9665;-2.4089;0.0428
2025-11-20 08:43:25,530;URBasic.dataLogData;INFO;actual_TCP_force;775.131;2.4495;-1.6506;8.7191;0.0542;0.0315;0.0105
2025-11-20 08:43:25,531;URBasic.dataLogData;INFO;actual_tool_accelerometer;775.131;0.0;-0.2298;-9.845
2025-11-20 08:43:25,546;URBasic.dataLogData;INFO;actual_TCP_force;775.1469999999999;2.3897;-1.638;8.6601;0.0553;0.0326;0.0127
2025-11-20 08:43:25,546;URBasic.dataLogData;INFO;actual_tool_accelerometer;775.1469999999999;-0.1149;-0.2682;-9.8258
2025-11-20 08:43:25,561;URBasic.dataLogData;INFO;actual_q;775.163;0.2955;-1.1371;1.3867;-1.8619;-1.5729;0.0899
2025-11-20 08:43:25,561;URBasic.dataLogData;INFO;actual_TCP_pose;775.163;-0.3444;-0.2391;0.2307;-1.9665;-2.4089;0.0426
2025-11-20 08:43:25,561;URBasic.dataLogData;INFO;actual_TCP_force;775.163;2.4387;-1.5099;8.6563;0.0521;0.0335;0.012
2025-11-20 08:43:25,561;URBasic.dataLogData;INFO;actual_tool_accelerometer;775.163;0.0;-0.3256;-9.845
2025-11-20 08:43:25,577;URBasic.dataLogData;INFO;actual_q;775.179;0.2955;-1.1371;1.3867;-1.862;-1.5729;0.0899
2025-11-20 08:43:25,577;URBasic.dataLogData;INFO;actual_TCP_pose;775.179;-0.3444;-0.2391;0.2308;-1.9664;-2.4088;0.0428
2025-11-20 08:43:25,578;URBasic.dataLogData;INFO;actual_TCP_force;775.179;2.4669;-1.6255;8.7211;0.0516;0.033;0.0117
2025-11-20 08:43:25,578;URBasic.dataLogData;INFO;actual_tool_accelerometer;775.179;0.0766;-0.2873;-9.845
2025-11-20 08:43:25,593;URBasic.dataLogData;INFO;actual_q;775.1949999999999;0.2955;-1.137;1.3867;-1.8619;-1.5729;0.0899
2025-11-20 08:43:25,593;URBasic.dataLogData;INFO;actual_TCP_pose;775.1949999999999;-0.3444;-0.2391;0.2308;-1.9664;-2.4089;0.0427
2025-11-20 08:43:25,593;URBasic.dataLogData;INFO;actual_TCP_force;775.1949999999999;2.5276;-1.512;8.6428;0.0508;0.0355;0.0111
2025-11-20 08:43:25,593;URBasic.dataLogData;INFO;actual_tool_accelerometer;775.1949999999999;-0.0575;-0.249;-9.8258
2025-11-20 08:43:25,609;URBasic.dataLogData;INFO;actual_q;775.211;0.2955;-1.137;1.3867;-1.862;-1.5729;0.0899
2025-11-20 08:43:25,609;URBasic.dataLogData;INFO;actual_TCP_pose;775.211;-0.3444;-0.2391;0.2308;-1.9665;-2.4089;0.0427
2025-11-20 08:43:25,609;URBasic.dataLogData;INFO;actual_TCP_force;775.211;2.3831;-1.6526;8.7425;0.0521;0.0296;0.0116
2025-11-20 08:43:25,610;URBasic.dataLogData;INFO;actual_tool_accelerometer;775.211;-0.0766;-0.3065;-9.7109
2025-11-20 08:43:25,625;URBasic.dataLogData;INFO;actual_q;775.227;0.2955;-1.1371;1.3867;-1.862;-1.5728;0.0899
2025-11-20 08:43:25,626;URBasic.dataLogData;INFO;actual_TCP_pose;775.227;-0.3444;-0.2391;0.2308;-1.9664;-2.409;0.0429
2025-11-20 08:43:25,626;URBasic.dataLogData;INFO;actual_TCP_force;775.227;2.4816;-1.7227;8.6906;0.0547;0.0356;0.011
2025-11-20 08:43:25,627;URBasic.dataLogData;INFO;actual_tool_accelerometer;775.227;-0.0192;-0.1915;-9.7492
2025-11-20 08:43:25,641;URBasic.dataLogData;INFO;actual_q;775.2429999999999;0.2955;-1.1371;1.3868;-1.8619;-1.5729;0.0899
2025-11-20 08:43:25,641;URBasic.dataLogData;INFO;actual_TCP_pose;775.2429999999999;-0.3444;-0.2391;0.2308;-1.9665;-2.4089;0.0427
2025-11-20 08:43:25,641;URBasic.dataLogData;INFO;actual_TCP_force;775.2429999999999;2.3253;-1.588;8.6956;0.0543;0.027;0.0121
2025-11-20 08:43:25,641;URBasic.dataLogData;INFO;actual_tool_accelerometer;775.2429999999999;-0.0192;-0.2682;-9.845
2025-11-20 08:43:25,657;URBasic.dataLogData;INFO;actual_q;775.259;0.2955;-1.1371;1.3867;-1.8619;-1.5729;0.0899
2025-11-20 08:43:25,657;URBasic.dataLogData;INFO;actual_TCP_pose;775.259;-0.3444;-0.2391;0.2308;-1.9664;-2.4089;0.0427
2025-11-20 08:43:25,657;URBasic.dataLogData;INFO;actual_TCP_force;775.259;2.4735;-1.6428;8.8745;0.0553;0.0344;0.0123
2025-11-20 08:43:25,658;URBasic.dataLogData;INFO;actual_tool_accelerometer;775.259;-0.1149;-0.3065;-9.6917
2025-11-20 08:43:25,672;URBasic.dataLogData;INFO;actual_q;775.2669999999999;0.2955;-1.1371;1.3867;-1.862;-1.5729;0.0899
2025-11-20 08:43:25,673;URBasic.dataLogData;INFO;actual_TCP_pose;775.2669999999999;-0.3444;-0.2392;0.2308;-1.9664;-2.4089;0.0429
2025-11-20 08:43:25,673;URBasic.dataLogData;INFO;actual_TCP_force;775.2669999999999;2.4908;-1.6049;8.7451;0.0519;0.0303;0.0111
2025-11-20 08:43:25,673;URBasic.dataLogData;INFO;actual_tool_accelerometer;775.2669999999999;0.0192;-0.2107;-9.7109
2025-11-20 08:43:25,688;URBasic.dataLogData;INFO;actual_q;775.283;0.2955;-1.137;1.3867;-1.862;-1.5729;0.0899
2025-11-20 08:43:25,688;URBasic.dataLogData;INFO;actual_TCP_pose;775.283;-0.3444;-0.2391;0.2308;-1.9665;-2.4089;0.0428
2025-11-20 08:43:25,689;URBasic.dataLogData;INFO;actual_TCP_force;775.283;2.5823;-1.735;8.6348;0.0535;0.0363;0.0099
2025-11-20 08:43:25,689;URBasic.dataLogData;INFO;actual_tool_accelerometer;775.283;-0.0766;-0.3065;-9.73
2025-11-20 08:43:25,704;URBasic.dataLogData;INFO;actual_q;775.299;0.2955;-1.1371;1.3867;-1.8619;-1.5729;0.0899
2025-11-20 08:43:25,704;URBasic.dataLogData;INFO;actual_TCP_pose;775.299;-0.3444;-0.2391;0.2308;-1.9665;-2.4089;0.0427
2025-11-20 08:43:25,704;URBasic.dataLogData;INFO;actual_TCP_force;775.299;2.4264;-1.6724;8.5702;0.0545;0.0308;0.0112
2025-11-20 08:43:25,704;URBasic.dataLogData;INFO;actual_tool_accelerometer;775.299;-0.0958;-0.2682;-9.8258
2025-11-20 08:43:25,720;URBasic.dataLogData;INFO;actual_q;775.3149999999999;0.2955;-1.137;1.3867;-1.862;-1.5729;0.09
2025-11-20 08:43:25,720;URBasic.dataLogData;INFO;actual_TCP_pose;775.3149999999999;-0.3444;-0.2391;0.2308;-1.9666;-2.4088;0.0428
2025-11-20 08:43:25,720;URBasic.dataLogData;INFO;actual_TCP_force;775.3149999999999;2.5451;-1.6634;8.5837;0.0554;0.0338;0.0142
2025-11-20 08:43:25,721;URBasic.dataLogData;INFO;actual_tool_accelerometer;775.3149999999999;0.0192;-0.1915;-9.7492
2025-11-20 08:43:25,736;URBasic.dataLogData;INFO;actual_q;775.331;0.2955;-1.1371;1.3867;-1.8619;-1.5729;0.0899
2025-11-20 08:43:25,736;URBasic.dataLogData;INFO;actual_TCP_pose;775.331;-0.3444;-0.2391;0.2307;-1.9665;-2.4089;0.0426
2025-11-20 08:43:25,736;URBasic.dataLogData;INFO;actual_TCP_force;775.331;2.3713;-1.6952;8.6003;0.0555;0.0288;0.0106
2025-11-20 08:43:25,737;URBasic.dataLogData;INFO;actual_tool_accelerometer;775.331;0.0;-0.4405;-9.8258
2025-11-20 08:43:25,752;URBasic.dataLogData;INFO;actual_q;775.347;0.2955;-1.1371;1.3867;-1.862;-1.5729;0.0899
2025-11-20 08:43:25,752;URBasic.dataLogData;INFO;actual_TCP_pose;775.347;-0.3444;-0.2391;0.2308;-1.9665;-2.4089;0.0428
2025-11-20 08:43:25,752;URBasic.dataLogData;INFO;actual_TCP_force;775.347;2.419;-1.5126;8.5841;0.0505;0.0301;0.0138
2025-11-20 08:43:25,753;URBasic.dataLogData;INFO;actual_tool_accelerometer;775.347;-0.0575;-0.2107;-9.7683
2025-11-20 08:43:25,768;URBasic.dataLogData;INFO;actual_TCP_pose;775.3629999999999;-0.3444;-0.2391;0.2308;-1.9665;-2.4088;0.0428
2025-11-20 08:43:25,768;URBasic.dataLogData;INFO;actual_TCP_force;775.3629999999999;2.4529;-1.7025;8.7393;0.0554;0.0323;0.0126
2025-11-20 08:43:25,768;URBasic.dataLogData;INFO;actual_tool_accelerometer;775.3629999999999;-0.1532;-0.249;-9.73
2025-11-20 08:43:25,784;URBasic.dataLogData;INFO;actual_q;775.379;0.2955;-1.1371;1.3867;-1.8619;-1.5729;0.0899
2025-11-20 08:43:25,784;URBasic.dataLogData;INFO;actual_TCP_pose;775.379;-0.3444;-0.2391;0.2308;-1.9664;-2.4089;0.0427
2025-11-20 08:43:25,785;URBasic.dataLogData;INFO;actual_TCP_force;775.379;2.5106;-1.5776;8.5759;0.052;0.0353;0.0114
2025-11-20 08:43:25,785;URBasic.dataLogData;INFO;actual_tool_accelerometer;775.379;-0.0192;-0.3639;-9.8067
2025-11-20 08:43:25,800;URBasic.dataLogData;INFO;actual_q;775.395;0.2955;-1.1371;1.3867;-1.862;-1.5729;0.0899
2025-11-20 08:43:25,800;URBasic.dataLogData;INFO;actual_TCP_force;775.395;2.4557;-1.5443;8.7274;0.0512;0.031;0.0105
2025-11-20 08:43:25,800;URBasic.dataLogData;INFO;actual_tool_accelerometer;775.395;-0.1341;-0.2873;-9.7875
2025-11-20 08:43:25,815;URBasic.dataLogData;INFO;actual_q;775.411;0.2955;-1.1371;1.3866;-1.862;-1.5729;0.0899
2025-11-20 08:43:25,815;URBasic.dataLogData;INFO;actual_TCP_pose;775.411;-0.3444;-0.2391;0.2308;-1.9664;-2.4088;0.0429
2025-11-20 08:43:25,815;URBasic.dataLogData;INFO;actual_TCP_force;775.411;2.4337;-1.6956;8.638;0.0543;0.0321;0.0123
2025-11-20 08:43:25,816;URBasic.dataLogData;INFO;actual_tool_accelerometer;775.411;-0.0766;-0.2107;-9.7109
2025-11-20 08:43:25,831;URBasic.dataLogData;INFO;actual_q;775.427;0.2955;-1.137;1.3867;-1.8619;-1.5729;0.0899
2025-11-20 08:43:25,831;URBasic.dataLogData;INFO;actual_TCP_pose;775.427;-0.3444;-0.2391;0.2308;-1.9665;-2.4089;0.0427
2025-11-20 08:43:25,831;URBasic.dataLogData;INFO;actual_TCP_force;775.427;2.4462;-1.6007;8.5102;0.0511;0.0315;0.0106
2025-11-20 08:43:25,831;URBasic.dataLogData;INFO;actual_tool_accelerometer;775.427;-0.0958;-0.3639;-9.7109
2025-11-20 08:43:25,847;URBasic.dataLogData;INFO;actual_q;775.443;0.2955;-1.1371;1.3867;-1.862;-1.5729;0.0899
2025-11-20 08:43:25,847;URBasic.dataLogData;INFO;actual_TCP_pose;775.443;-0.3444;-0.2391;0.2308;-1.9664;-2.4089;0.0428
2025-11-20 08:43:25,847;URBasic.dataLogData;INFO;actual_TCP_force;775.443;2.4172;-1.7115;8.5249;0.053;0.0303;0.0124
2025-11-20 08:43:25,848;URBasic.dataLogData;INFO;actual_tool_accelerometer;775.443;-0.0766;-0.249;-9.6343
2025-11-20 08:43:25,862;URBasic.dataLogData;INFO;actual_q;775.459;0.2955;-1.1371;1.3867;-1.8619;-1.5729;0.0899
2025-11-20 08:43:25,862;URBasic.dataLogData;INFO;actual_TCP_pose;775.459;-0.3444;-0.2391;0.2308;-1.9665;-2.4089;0.0428
2025-11-20 08:43:25,862;URBasic.dataLogData;INFO;actual_TCP_force;775.459;2.4255;-1.5419;8.5136;0.0546;0.0339;0.011
2025-11-20 08:43:25,862;URBasic.dataLogData;INFO;actual_tool_accelerometer;775.459;-0.0383;-0.3065;-9.7875
2025-11-20 08:43:25,878;URBasic.dataLogData;INFO;actual_q;775.4749999999999;0.2955;-1.137;1.3867;-1.862;-1.5729;0.0899
2025-11-20 08:43:25,878;URBasic.dataLogData;INFO;actual_TCP_pose;775.4749999999999;-0.3444;-0.2391;0.2307;-1.9665;-2.4089;0.0427
2025-11-20 08:43:25,878;URBasic.dataLogData;INFO;actual_TCP_force;775.4749999999999;2.3996;-1.6552;8.6038;0.0531;0.0301;0.012
2025-11-20 08:43:25,879;URBasic.dataLogData;INFO;actual_tool_accelerometer;775.4749999999999;0.0;-0.2682;-9.7683
2025-11-20 08:43:25,894;URBasic.dataLogData;INFO;actual_q;775.491;0.2955;-1.1371;1.3867;-1.862;-1.5729;0.0899
2025-11-20 08:43:25,894;URBasic.dataLogData;INFO;actual_TCP_pose;775.491;-0.3444;-0.2391;0.2308;-1.9665;-2.4089;0.0428
2025-11-20 08:43:25,895;URBasic.dataLogData;INFO;actual_TCP_force;775.491;2.3518;-1.8107;8.7399;0.0566;0.031;0.0118
2025-11-20 08:43:25,895;URBasic.dataLogData;INFO;actual_tool_accelerometer;775.491;-0.1149;-0.2873;-9.6917
2025-11-20 08:43:25,910;URBasic.dataLogData;INFO;actual_q;775.507;0.2955;-1.137;1.3867;-1.8619;-1.5729;0.0899
2025-11-20 08:43:25,910;URBasic.dataLogData;INFO;actual_TCP_pose;775.507;-0.3444;-0.2391;0.2307;-1.9664;-2.409;0.0427
2025-11-20 08:43:25,911;URBasic.dataLogData;INFO;actual_TCP_force;775.507;2.5067;-1.7526;8.4755;0.0575;0.0348;0.0137
2025-11-20 08:43:25,911;URBasic.dataLogData;INFO;actual_tool_accelerometer;775.507;-0.0575;-0.1915;-9.8067
2025-11-20 08:43:25,926;URBasic.dataLogData;INFO;actual_q;775.5229999999999;0.2955;-1.1371;1.3867;-1.862;-1.5729;0.0899
2025-11-20 08:43:25,926;URBasic.dataLogData;INFO;actual_TCP_pose;775.5229999999999;-0.3444;-0.2391;0.2308;-1.9664;-2.4088;0.0429
2025-11-20 08:43:25,927;URBasic.dataLogData;INFO;actual_TCP_force;775.5229999999999;2.4851;-1.6219;8.5063;0.0549;0.0347;0.012
2025-11-20 08:43:25,927;URBasic.dataLogData;INFO;actual_tool_accelerometer;775.5229999999999;-0.0383;-0.2873;-9.8641
2025-11-20 08:43:25,942;URBasic.dataLogData;INFO;actual_TCP_pose;775.539;-0.3444;-0.2391;0.2308;-1.9665;-2.4088;0.0428
2025-11-20 08:43:25,942;URBasic.dataLogData;INFO;actual_TCP_force;775.539;2.5054;-1.6714;8.7273;0.0539;0.0345;0.0127
2025-11-20 08:43:25,943;URBasic.dataLogData;INFO;actual_tool_accelerometer;775.539;0.0;-0.2873;-9.73
2025-11-20 08:43:25,958;URBasic.dataLogData;INFO;actual_q;775.555;0.2955;-1.1371;1.3867;-1.862;-1.5729;0.09
2025-11-20 08:43:25,958;URBasic.dataLogData;INFO;actual_TCP_pose;775.555;-0.3444;-0.2391;0.2308;-1.9666;-2.4088;0.0428
2025-11-20 08:43:25,959;URBasic.dataLogData;INFO;actual_TCP_force;775.555;2.5442;-1.6385;8.59;0.0553;0.0353;0.0114
2025-11-20 08:43:25,959;URBasic.dataLogData;INFO;actual_tool_accelerometer;775.555;-0.0575;-0.3065;-9.9024
2025-11-20 08:43:25,974;URBasic.dataLogData;INFO;actual_q;775.5709999999999;0.2954;-1.1371;1.3867;-1.8619;-1.5729;0.0899
2025-11-20 08:43:25,974;URBasic.dataLogData;INFO;actual_TCP_pose;775.5709999999999;-0.3444;-0.2391;0.2308;-1.9665;-2.4088;0.0428
2025-11-20 08:43:25,975;URBasic.dataLogData;INFO;actual_TCP_force;775.5709999999999;2.4079;-1.651;8.7679;0.0539;0.0292;0.0112
2025-11-20 08:43:25,976;URBasic.dataLogData;INFO;actual_tool_accelerometer;775.5709999999999;-0.0958;-0.2873;-9.7875
2025-11-20 08:43:25,990;URBasic.dataLogData;INFO;actual_q;775.587;0.2955;-1.1371;1.3867;-1.862;-1.5729;0.0899
2025-11-20 08:43:25,990;URBasic.dataLogData;INFO;actual_TCP_pose;775.587;-0.3444;-0.2391;0.2308;-1.9664;-2.4089;0.0428
2025-11-20 08:43:25,991;URBasic.dataLogData;INFO;actual_TCP_force;775.587;2.5085;-1.7033;8.7326;0.0559;0.0335;0.0113
2025-11-20 08:43:25,991;URBasic.dataLogData;INFO;actual_tool_accelerometer;775.587;0.0192;-0.3448;-9.845
2025-11-20 08:43:26,006;URBasic.dataLogData;INFO;actual_q;775.603;0.2955;-1.1371;1.3866;-1.862;-1.5729;0.0899
2025-11-20 08:43:26,006;URBasic.dataLogData;INFO;actual_TCP_pose;775.603;-0.3444;-0.2391;0.2308;-1.9664;-2.4088;0.043
2025-11-20 08:43:26,007;URBasic.dataLogData;INFO;actual_TCP_force;775.603;2.4156;-1.5719;8.685;0.0543;0.0347;0.0135
2025-11-20 08:43:26,007;URBasic.dataLogData;INFO;actual_tool_accelerometer;775.603;-0.1149;-0.2873;-9.7683
2025-11-20 08:43:26,022;URBasic.dataLogData;INFO;actual_q;775.6189999999999;0.2955;-1.1371;1.3867;-1.862;-1.5729;0.0899
2025-11-20 08:43:26,022;URBasic.dataLogData;INFO;actual_TCP_pose;775.6189999999999;-0.3444;-0.2391;0.2308;-1.9664;-2.409;0.0428
2025-11-20 08:43:26,023;URBasic.dataLogData;INFO;actual_TCP_force;775.6189999999999;2.4357;-1.705;8.5538;0.055;0.0307;0.0109
2025-11-20 08:43:26,023;URBasic.dataLogData;INFO;actual_tool_accelerometer;775.6189999999999;-0.0383;-0.2682;-9.6917
2025-11-20 08:43:26,038;URBasic.dataLogData;INFO;actual_q;775.635;0.2955;-1.1371;1.3867;-1.8619;-1.5729;0.0899
2025-11-20 08:43:26,038;URBasic.dataLogData;INFO;actual_TCP_force;775.635;2.396;-1.6358;8.6159;0.0521;0.0299;0.0117
2025-11-20 08:43:26,039;URBasic.dataLogData;INFO;actual_tool_accelerometer;775.635;0.0575;-0.2682;-9.7109
2025-11-20 08:43:26,056;URBasic.dataLogData;INFO;actual_TCP_pose;775.651;-0.3444;-0.2391;0.2307;-1.9665;-2.4089;0.0427
2025-11-20 08:43:26,057;URBasic.dataLogData;INFO;actual_TCP_force;775.651;2.4408;-1.6711;8.5572;0.0565;0.0337;0.013
2025-11-20 08:43:26,060;URBasic.dataLogData;INFO;actual_tool_accelerometer;775.651;0.0;-0.3256;-9.7492
2025-11-20 08:43:26,070;URBasic.dataLogData;INFO;actual_q;775.6669999999999;0.2955;-1.1371;1.3867;-1.8619;-1.5729;0.09
2025-11-20 08:43:26,070;URBasic.dataLogData;INFO;actual_TCP_pose;775.6669999999999;-0.3444;-0.2391;0.2308;-1.9665;-2.4089;0.0427
2025-11-20 08:43:26,070;URBasic.dataLogData;INFO;actual_TCP_force;775.6669999999999;2.3825;-1.6579;8.5845;0.0575;0.0336;0.0116
2025-11-20 08:43:26,071;URBasic.dataLogData;INFO;actual_tool_accelerometer;775.6669999999999;-0.1149;-0.2873;-9.845
2025-11-20 08:43:26,086;URBasic.dataLogData;INFO;actual_q;775.683;0.2955;-1.1371;1.3867;-1.862;-1.5729;0.0899
2025-11-20 08:43:26,086;URBasic.dataLogData;INFO;actual_TCP_pose;775.683;-0.3444;-0.2391;0.2307;-1.9664;-2.409;0.0427
2025-11-20 08:43:26,087;URBasic.dataLogData;INFO;actual_TCP_force;775.683;2.4485;-1.5912;8.4887;0.0502;0.0325;0.0126
2025-11-20 08:43:26,087;URBasic.dataLogData;INFO;actual_tool_accelerometer;775.683;-0.0383;-0.3256;-9.8067
2025-11-20 08:43:26,101;URBasic.dataLogData;INFO;actual_q;775.699;0.2955;-1.1371;1.3867;-1.862;-1.5728;0.0899
2025-11-20 08:43:26,101;URBasic.dataLogData;INFO;actual_TCP_pose;775.699;-0.3444;-0.2391;0.2308;-1.9665;-2.4089;0.0429
2025-11-20 08:43:26,101;URBasic.dataLogData;INFO;actual_TCP_force;775.699;2.3963;-1.7287;8.6747;0.0582;0.0287;0.0114
2025-11-20 08:43:26,102;URBasic.dataLogData;INFO;actual_tool_accelerometer;775.699;0.0;-0.3256;-9.8067
2025-11-20 08:43:26,117;URBasic.dataLogData;INFO;actual_q;775.7149999999999;0.2955;-1.1371;1.3867;-1.8619;-1.5729;0.0899
2025-11-20 08:43:26,117;URBasic.dataLogData;INFO;actual_TCP_pose;775.7149999999999;-0.3444;-0.2391;0.2308;-1.9665;-2.4089;0.0428
2025-11-20 08:43:26,117;URBasic.dataLogData;INFO;actual_TCP_force;775.7149999999999;2.4351;-1.6219;8.5767;0.0542;0.0343;0.0123
2025-11-20 08:43:26,117;URBasic.dataLogData;INFO;actual_tool_accelerometer;775.7149999999999;-0.0766;-0.3065;-9.8641
2025-11-20 08:43:26,133;URBasic.dataLogData;INFO;actual_TCP_force;775.731;2.4801;-1.7263;8.7473;0.0538;0.0331;0.0137
2025-11-20 08:43:26,133;URBasic.dataLogData;INFO;actual_tool_accelerometer;775.731;-0.0192;-0.3448;-9.8067
2025-11-20 08:43:26,149;URBasic.dataLogData;INFO;actual_q;775.747;0.2955;-1.1371;1.3867;-1.862;-1.5729;0.0899
2025-11-20 08:43:26,149;URBasic.dataLogData;INFO;actual_TCP_pose;775.747;-0.3444;-0.2391;0.2307;-1.9664;-2.4089;0.0427
2025-11-20 08:43:26,149;URBasic.dataLogData;INFO;actual_TCP_force;775.747;2.4462;-1.6536;8.6868;0.0554;0.0313;0.0118
2025-11-20 08:43:26,149;URBasic.dataLogData;INFO;actual_tool_accelerometer;775.747;-0.0575;-0.2682;-9.9024
2025-11-20 08:43:26,165;URBasic.dataLogData;INFO;actual_q;775.7629999999999;0.2954;-1.137;1.3867;-1.8619;-1.5729;0.09
2025-11-20 08:43:26,165;URBasic.dataLogData;INFO;actual_TCP_pose;775.7629999999999;-0.3444;-0.2391;0.2308;-1.9666;-2.4088;0.0427
2025-11-20 08:43:26,165;URBasic.dataLogData;INFO;actual_TCP_force;775.7629999999999;2.4876;-1.6484;8.7162;0.0526;0.0348;0.012
2025-11-20 08:43:26,165;URBasic.dataLogData;INFO;actual_tool_accelerometer;775.7629999999999;0.0192;-0.3065;-9.9216
2025-11-20 08:43:26,181;URBasic.dataLogData;INFO;actual_q;775.779;0.2955;-1.1371;1.3867;-1.862;-1.5729;0.0899
2025-11-20 08:43:26,181;URBasic.dataLogData;INFO;actual_TCP_pose;775.779;-0.3444;-0.2391;0.2308;-1.9664;-2.4089;0.0429
2025-11-20 08:43:26,181;URBasic.dataLogData;INFO;actual_TCP_force;775.779;2.4321;-1.6472;8.806;0.0542;0.0332;0.0133
2025-11-20 08:43:26,182;URBasic.dataLogData;INFO;actual_tool_accelerometer;775.779;-0.0958;-0.3256;-9.8258
2025-11-20 08:43:26,197;URBasic.dataLogData;INFO;actual_TCP_pose;775.795;-0.3444;-0.2391;0.2308;-1.9665;-2.4088;0.0429
2025-11-20 08:43:26,197;URBasic.dataLogData;INFO;actual_TCP_force;775.795;2.4471;-1.6077;8.8164;0.0544;0.0331;0.011
2025-11-20 08:43:26,197;URBasic.dataLogData;INFO;actual_tool_accelerometer;775.795;-0.0575;-0.3065;-9.6917
2025-11-20 08:43:26,212;URBasic.dataLogData;INFO;actual_q;775.8109999999999;0.2955;-1.1372;1.3867;-1.862;-1.5729;0.0899
2025-11-20 08:43:26,212;URBasic.dataLogData;INFO;actual_TCP_pose;775.8109999999999;-0.3444;-0.2391;0.2308;-1.9664;-2.4088;0.043
2025-11-20 08:43:26,212;URBasic.dataLogData;INFO;actual_TCP_force;775.8109999999999;2.4407;-1.7294;8.5712;0.0582;0.0313;0.0118
2025-11-20 08:43:26,212;URBasic.dataLogData;INFO;actual_tool_accelerometer;775.8109999999999;-0.1532;-0.2873;-9.7875
2025-11-20 08:43:26,227;URBasic.dataLogData;INFO;actual_q;775.827;0.2955;-1.1371;1.3867;-1.862;-1.5729;0.0899
2025-11-20 08:43:26,227;URBasic.dataLogData;INFO;actual_TCP_pose;775.827;-0.3444;-0.2391;0.2308;-1.9664;-2.409;0.0427
2025-11-20 08:43:26,227;URBasic.dataLogData;INFO;actual_TCP_force;775.827;2.361;-1.5653;8.6603;0.0513;0.0303;0.0112
2025-11-20 08:43:26,227;URBasic.dataLogData;INFO;actual_tool_accelerometer;775.827;-0.0575;-0.2873;-9.7683
2025-11-20 08:43:26,243;URBasic.dataLogData;INFO;actual_q;775.843;0.2955;-1.137;1.3867;-1.862;-1.5729;0.0899
2025-11-20 08:43:26,243;URBasic.dataLogData;INFO;actual_TCP_pose;775.843;-0.3444;-0.2391;0.2307;-1.9665;-2.4088;0.0427
2025-11-20 08:43:26,243;URBasic.dataLogData;INFO;actual_TCP_force;775.843;2.5357;-1.7009;8.6235;0.0542;0.0346;0.0109
2025-11-20 08:43:26,244;URBasic.dataLogData;INFO;actual_tool_accelerometer;775.843;-0.1149;-0.2873;-9.8258
2025-11-20 08:43:26,258;URBasic.dataLogData;INFO;actual_q;775.8589999999999;0.2955;-1.1371;1.3867;-1.862;-1.5729;0.0899
2025-11-20 08:43:26,258;URBasic.dataLogData;INFO;actual_TCP_pose;775.8589999999999;-0.3444;-0.2392;0.2308;-1.9664;-2.4089;0.0428
2025-11-20 08:43:26,258;URBasic.dataLogData;INFO;actual_TCP_force;775.8589999999999;2.3522;-1.6468;8.6992;0.0561;0.0312;0.0124
2025-11-20 08:43:26,258;URBasic.dataLogData;INFO;actual_tool_accelerometer;775.8589999999999;-0.0575;-0.2298;-9.7492
2025-11-20 08:43:26,274;URBasic.dataLogData;INFO;actual_q;775.875;0.2955;-1.137;1.3867;-1.8619;-1.5729;0.0899
2025-11-20 08:43:26,274;URBasic.dataLogData;INFO;actual_TCP_pose;775.875;-0.3444;-0.2391;0.2307;-1.9665;-2.4089;0.0426
2025-11-20 08:43:26,274;URBasic.dataLogData;INFO;actual_TCP_force;775.875;2.403;-1.6991;8.6341;0.0542;0.0309;0.0123
2025-11-20 08:43:26,274;URBasic.dataLogData;INFO;actual_tool_accelerometer;775.875;-0.0766;-0.2873;-9.8641
